original_id,composition,phases,hardness,yield_strength,ultimate_tensile_strength,elongation,compressive_strength,plasticity,processing_notes,doi,FCC,BCC,HCP,IM,Ag,Al,B,C,Ca,Co,Cr,Cu,Fe,Ga,Ge,Hf,Li,Mg,Mn,Mo,N,Nb,Nd,Ni,Pd,Re,Sc,Si,Sn,Ta,Ti,V,W,Y,Zn,Zr,dataset_source,ρ (g/cm<sup>3</sup>),E (GPa),σ(MPa) at 1000 C,σ(MPa) at 1200 C,G (GPa),C11 (GPa),Fracture Toughness,ductility,Test Type
929,AlCuNiFeTi,BCC,1142.857,,,,3620.0,3.04,Pressure sintered,https://doi.org/10.1007/s11106-016-9790-3,0.0,1.0,0.0,0.0,0.0,0.2,0.0,0.0,0.0,0.0,0.0,0.2,0.2,0.0,0.0,0.0,0.0,0.0,0.0,0.0,0.0,0.0,0.0,0.2,0.0,0.0,0.0,0.0,0.0,0.0,0.2,0.0,0.0,0.0,0.0,0.0,Cu_Fe_DB.csv,,,,,,,,,
928,AlCuNiFeCr,BCC,938.7755,,,,3220.0,2.36,Pressure sintered,https://doi.org/10.1007/s11106-016-9790-3,0.0,1.0,0.0,0.0,0.0,0.2,0.0,0.0,0.0,0.0,0.2,0.2,0.2,0.0,0.0,0.0,0.0,0.0,0.0,0.0,0.0,0.0,0.0,0.2,0.0,0.0,0.0,0.0,0.0,0.0,0.0,0.0,0.0,0.0,0.0,0.0,Cu_Fe_DB.csv,,,,,,,,,
357,CoCrCu0.1FeMoNi,FCC+BCC,,,,,3012.0,51.6,Arc melting,https://doi.org/10.1016/j.vacuum.2020.109173,1.0,1.0,0.0,0.0,0.0,0.0,0.0,0.0,0.0,0.196,0.196,0.02,0.196,0.0,0.0,0.0,0.0,0.0,0.0,0.196,0.0,0.0,0.0,0.196,0.0,0.0,0.0,0.0,0.0,0.0,0.0,0.0,0.0,0.0,0.0,0.0,Cu_Fe_DB.csv,,,,,,,,,
364,AlCoCrCuFeNiMo0.6,FCC+BCC+α,,,,,2820.0,1.4,Arc melting,https://doi.org/10.1016/j.vacuum.2020.109173,1.0,1.0,0.0,1.0,0.0,0.152,0.0,0.0,0.0,0.152,0.152,0.152,0.152,0.0,0.0,0.0,0.0,0.0,0.0,0.091,0.0,0.0,0.0,0.152,0.0,0.0,0.0,0.0,0.0,0.0,0.0,0.0,0.0,0.0,0.0,0.0,Cu_Fe_DB.csv,,,,,,,,,
363,AlCoCrCuFeNiMo0.4,FCC+BCC+α,,,,,2660.0,1.5,Arc melting,https://doi.org/10.1016/j.vacuum.2020.109173,1.0,1.0,0.0,1.0,0.0,0.156,0.0,0.0,0.0,0.156,0.156,0.156,0.156,0.0,0.0,0.0,0.0,0.0,0.0,0.062,0.0,0.0,0.0,0.156,0.0,0.0,0.0,0.0,0.0,0.0,0.0,0.0,0.0,0.0,0.0,0.0,Cu_Fe_DB.csv,,,,,,,,,
365,AlCoCrCuFeNiMo0.2,FCC+BCC+α,,,,,2640.0,1.2,Arc melting,https://doi.org/10.1016/j.vacuum.2020.109173,1.0,1.0,0.0,1.0,0.0,0.161,0.0,0.0,0.0,0.161,0.161,0.161,0.161,0.0,0.0,0.0,0.0,0.0,0.0,0.032,0.0,0.0,0.0,0.161,0.0,0.0,0.0,0.0,0.0,0.0,0.0,0.0,0.0,0.0,0.0,0.0,Cu_Fe_DB.csv,,,,,,,,,
524,AlCuFeMnTiV,FCC,618.44,,,,2630.0,15.83,Sintering temperature 1050°C,https://doi.org/10.1016/j.jallcom.2021.163352,1.0,0.0,0.0,0.0,0.0,0.167,0.0,0.0,0.0,0.0,0.0,0.167,0.167,0.0,0.0,0.0,0.0,0.0,0.167,0.0,0.0,0.0,0.0,0.0,0.0,0.0,0.0,0.0,0.0,0.0,0.167,0.167,0.0,0.0,0.0,0.0,Cu_Fe_DB.csv,,,,,,,,,
366,AlCoCrCuFeNiMo0.8,FCC+BCC+α,,,,,2600.0,1.1,Arc melting,https://doi.org/10.1016/j.vacuum.2020.109173,1.0,1.0,0.0,1.0,0.0,0.147,0.0,0.0,0.0,0.147,0.147,0.147,0.147,0.0,0.0,0.0,0.0,0.0,0.0,0.118,0.0,0.0,0.0,0.147,0.0,0.0,0.0,0.0,0.0,0.0,0.0,0.0,0.0,0.0,0.0,0.0,Cu_Fe_DB.csv,,,,,,,,,
523,AlCuFeMnTiV,FCC,610.28,,,,2465.0,12.33,Sintering temperature 1000°C,https://doi.org/10.1016/j.jallcom.2021.163352,1.0,0.0,0.0,0.0,0.0,0.167,0.0,0.0,0.0,0.0,0.0,0.167,0.167,0.0,0.0,0.0,0.0,0.0,0.167,0.0,0.0,0.0,0.0,0.0,0.0,0.0,0.0,0.0,0.0,0.0,0.167,0.167,0.0,0.0,0.0,0.0,Cu_Fe_DB.csv,,,,,,,,,
522,AlCuFeMnTiV,FCC,597.81,,,,2420.0,13.42,Sintering temperature 950°C,https://doi.org/10.1016/j.jallcom.2021.163352,1.0,0.0,0.0,0.0,0.0,0.167,0.0,0.0,0.0,0.0,0.0,0.167,0.167,0.0,0.0,0.0,0.0,0.0,0.167,0.0,0.0,0.0,0.0,0.0,0.0,0.0,0.0,0.0,0.0,0.0,0.167,0.167,0.0,0.0,0.0,0.0,Cu_Fe_DB.csv,,,,,,,,,
362,AlCoCrCuFeNiMo0.2,FCC,,,,,2240.0,3.5,Arc melting,https://doi.org/10.1016/j.vacuum.2020.109173,1.0,0.0,0.0,0.0,0.0,0.161,0.0,0.0,0.0,0.161,0.161,0.161,0.161,0.0,0.0,0.0,0.0,0.0,0.0,0.032,0.0,0.0,0.0,0.161,0.0,0.0,0.0,0.0,0.0,0.0,0.0,0.0,0.0,0.0,0.0,0.0,Cu_Fe_DB.csv,,,,,,,,,
639,TiZrHfNiCuCo,BCC+Laves,,,,,2091.0,2.26,room temperature under compressive mode at a strain rate of 1×10-3/s,dx.doi.org/10.1007/s12540-016-6034-5,0.0,1.0,0.0,1.0,0.0,0.0,0.0,0.0,0.0,0.167,0.0,0.167,0.0,0.0,0.0,0.167,0.0,0.0,0.0,0.0,0.0,0.0,0.0,0.167,0.0,0.0,0.0,0.0,0.0,0.0,0.167,0.0,0.0,0.0,0.0,0.167,Cu_Fe_DB.csv,,,,,,,,,
360,CoCrCu0.8FeMoNi,FCC1+FCC2+BCC,,,,,1970.0,18.0,Arc melting,https://doi.org/10.1016/j.vacuum.2020.109173,1.0,1.0,0.0,0.0,0.0,0.0,0.0,0.0,0.0,0.172,0.172,0.138,0.172,0.0,0.0,0.0,0.0,0.0,0.0,0.172,0.0,0.0,0.0,0.172,0.0,0.0,0.0,0.0,0.0,0.0,0.0,0.0,0.0,0.0,0.0,0.0,Cu_Fe_DB.csv,,,,,,,,,
638,TiZrHfNiCu,Laves,,,,,1924.0,0.39,room temperature under compressive mode at a strain rate of 1×10-3/s,dx.doi.org/10.1007/s12540-016-6034-5,0.0,0.0,0.0,1.0,0.0,0.0,0.0,0.0,0.0,0.0,0.0,0.2,0.0,0.0,0.0,0.2,0.0,0.0,0.0,0.0,0.0,0.0,0.0,0.2,0.0,0.0,0.0,0.0,0.0,0.0,0.2,0.0,0.0,0.0,0.0,0.2,Cu_Fe_DB.csv,,,,,,,,,
359,CoCrCu0.5FeMoNi,FCC1+FCC2+BCC,,,,,1900.0,20.0,Arc melting,https://doi.org/10.1016/j.vacuum.2020.109173,1.0,1.0,0.0,0.0,0.0,0.0,0.0,0.0,0.0,0.182,0.182,0.091,0.182,0.0,0.0,0.0,0.0,0.0,0.0,0.182,0.0,0.0,0.0,0.182,0.0,0.0,0.0,0.0,0.0,0.0,0.0,0.0,0.0,0.0,0.0,0.0,Cu_Fe_DB.csv,,,,,,,,,
60,Al0.75CoCrCu0.25FeNiTi0.5,FCC + BCC,,,,,1900.0,12.0,,https://doi.org/10.1016/j.dib.2018.11.111,1.0,1.0,0.0,0.0,0.0,0.136,0.0,0.0,0.0,0.182,0.182,0.045,0.182,0.0,0.0,0.0,0.0,0.0,0.0,0.0,0.0,0.0,0.0,0.182,0.0,0.0,0.0,0.0,0.0,0.0,0.091,0.0,0.0,0.0,0.0,0.0,Cu_Fe_DB.csv,,,,,,,,,
152,Al11.1(CoCrCuFeMnNiTiV)88.9,FCC + BCC,,,,,1862.0,1.0,,https://doi.org/10.1016/j.dib.2018.11.111,1.0,1.0,0.0,0.0,0.0,0.111,0.0,0.0,0.0,0.111,0.111,0.111,0.111,0.0,0.0,0.0,0.0,0.0,0.111,0.0,0.0,0.0,0.0,0.111,0.0,0.0,0.0,0.0,0.0,0.0,0.111,0.111,0.0,0.0,0.0,0.0,Cu_Fe_DB.csv,,,,,,,,,
358,CoCrCu0.3FeMoNi,FCC+BCC,,,,,1800.0,9.0,Arc melting,https://doi.org/10.1016/j.vacuum.2020.109173,1.0,1.0,0.0,0.0,0.0,0.0,0.0,0.0,0.0,0.189,0.189,0.057,0.189,0.0,0.0,0.0,0.0,0.0,0.0,0.189,0.0,0.0,0.0,0.189,0.0,0.0,0.0,0.0,0.0,0.0,0.0,0.0,0.0,0.0,0.0,0.0,Cu_Fe_DB.csv,,,,,,,,,
426,Co25.0Ni25.0Fe25.0Al7.5Cu17.5,BCC,454.0,,,,1795.0,10.6,SPS,https://doi.org/10.1016/j.vacuum.2022.110930,0.0,1.0,0.0,0.0,0.0,0.075,0.0,0.0,0.0,0.25,0.0,0.175,0.25,0.0,0.0,0.0,0.0,0.0,0.0,0.0,0.0,0.0,0.0,0.25,0.0,0.0,0.0,0.0,0.0,0.0,0.0,0.0,0.0,0.0,0.0,0.0,Cu_Fe_DB.csv,,,,,,,,,
893,Al0.5CoCrCuFeNiSi0.4,FCC+BCC,420.0,,,,1790.0,23.0,,http://dx.doi.org/10.1016/j.jallcom.2014.11.085,1.0,1.0,0.0,0.0,0.0,0.085,0.0,0.0,0.0,0.169,0.169,0.169,0.169,0.0,0.0,0.0,0.0,0.0,0.0,0.0,0.0,0.0,0.0,0.169,0.0,0.0,0.0,0.068,0.0,0.0,0.0,0.0,0.0,0.0,0.0,0.0,Cu_Fe_DB.csv,,,,,,,,,
813,CuYZrHfAl,HCP1+HCP2+BCC,532.0,,,,1751.0,,,dx.doi.org/10.1016/j.matdes.2016.06.100,0.0,1.0,1.0,0.0,0.0,0.2,0.0,0.0,0.0,0.0,0.0,0.2,0.0,0.0,0.0,0.2,0.0,0.0,0.0,0.0,0.0,0.0,0.0,0.0,0.0,0.0,0.0,0.0,0.0,0.0,0.0,0.0,0.0,0.2,0.0,0.2,Cu_Fe_DB.csv,,,,,,,,,
361,CoCrCuFeMoNi,FCC1+FCC2+BCC,,,,,1750.0,12.0,Arc melting,https://doi.org/10.1016/j.vacuum.2020.109173,1.0,1.0,0.0,0.0,0.0,0.0,0.0,0.0,0.0,0.167,0.167,0.167,0.167,0.0,0.0,0.0,0.0,0.0,0.0,0.167,0.0,0.0,0.0,0.167,0.0,0.0,0.0,0.0,0.0,0.0,0.0,0.0,0.0,0.0,0.0,0.0,Cu_Fe_DB.csv,,,,,,,,,
927,Al0.9Si0.2CrFeCoNCu0.1,BCC,,,,,1700.0,20.0,,dx.doi.org/10.1016/j.matdes.2015.11.013,0.0,1.0,0.0,0.0,0.0,0.173,0.0,0.0,0.0,0.192,0.192,0.019,0.192,0.0,0.0,0.0,0.0,0.0,0.0,0.0,0.192,0.0,0.0,0.0,0.0,0.0,0.0,0.038,0.0,0.0,0.0,0.0,0.0,0.0,0.0,0.0,Cu_Fe_DB.csv,,,,,,,,,
648,Al20.0Ti20.0Ni20.0Cu20.0Fe20.0,FCC1 + FCC2,365.0,,,,1670.0,5.8,773K annealing,dx.doi.org/10.1016/j.apsusc.2015.07.207,1.0,0.0,0.0,0.0,0.0,0.2,0.0,0.0,0.0,0.0,0.0,0.2,0.2,0.0,0.0,0.0,0.0,0.0,0.0,0.0,0.0,0.0,0.0,0.2,0.0,0.0,0.0,0.0,0.0,0.0,0.2,0.0,0.0,0.0,0.0,0.0,Cu_Fe_DB.csv,,,,,,,,,
926,Al0.8Si0.2CrFeCoNCu0.2,BCC,,,,,1650.0,13.0,,dx.doi.org/10.1016/j.matdes.2015.11.013,0.0,1.0,0.0,0.0,0.0,0.154,0.0,0.0,0.0,0.192,0.192,0.038,0.192,0.0,0.0,0.0,0.0,0.0,0.0,0.0,0.192,0.0,0.0,0.0,0.0,0.0,0.0,0.038,0.0,0.0,0.0,0.0,0.0,0.0,0.0,0.0,Cu_Fe_DB.csv,,,,,,,,,
640,TiZrHfNiCuNb,BCC+Laves,,,,,1646.0,2.47,room temperature under compressive mode at a strain rate of 1×10-3/s,dx.doi.org/10.1007/s12540-016-6034-5,0.0,1.0,0.0,1.0,0.0,0.0,0.0,0.0,0.0,0.0,0.0,0.167,0.0,0.0,0.0,0.167,0.0,0.0,0.0,0.0,0.0,0.167,0.0,0.167,0.0,0.0,0.0,0.0,0.0,0.0,0.167,0.0,0.0,0.0,0.0,0.167,Cu_Fe_DB.csv,,,,,,,,,
58,Al2.0CoCrCuFeNi,FCC + BCC,560.0,,,,1620.0,,,https://doi.org/10.1016/j.dib.2018.11.111,1.0,1.0,0.0,0.0,0.0,0.286,0.0,0.0,0.0,0.143,0.143,0.143,0.143,0.0,0.0,0.0,0.0,0.0,0.0,0.0,0.0,0.0,0.0,0.143,0.0,0.0,0.0,0.0,0.0,0.0,0.0,0.0,0.0,0.0,0.0,0.0,Cu_Fe_DB.csv,,,,,,,,,
649,Al20.0Ti20.0Ni20.0Cu20.0Fe20.0,FCC1 + FCC2,516.0,,,,1617.0,8.2,298K annealing,dx.doi.org/10.1016/j.apsusc.2015.07.207,1.0,0.0,0.0,0.0,0.0,0.2,0.0,0.0,0.0,0.0,0.0,0.2,0.2,0.0,0.0,0.0,0.0,0.0,0.0,0.0,0.0,0.0,0.0,0.2,0.0,0.0,0.0,0.0,0.0,0.0,0.2,0.0,0.0,0.0,0.0,0.0,Cu_Fe_DB.csv,,,,,,,,,
925,Al0.6Si0.2CrFeCoNCu0.4,BCC,,,,,1600.0,8.0,,dx.doi.org/10.1016/j.matdes.2015.11.013,0.0,1.0,0.0,0.0,0.0,0.115,0.0,0.0,0.0,0.192,0.192,0.077,0.192,0.0,0.0,0.0,0.0,0.0,0.0,0.0,0.192,0.0,0.0,0.0,0.0,0.0,0.0,0.038,0.0,0.0,0.0,0.0,0.0,0.0,0.0,0.0,Cu_Fe_DB.csv,,,,,,,,,
59,Al0.5CoCrCu0.5FeNiTi0.5,FCC + BCC,,,,,1580.0,17.0,,https://doi.org/10.1016/j.dib.2018.11.111,1.0,1.0,0.0,0.0,0.0,0.091,0.0,0.0,0.0,0.182,0.182,0.091,0.182,0.0,0.0,0.0,0.0,0.0,0.0,0.0,0.0,0.0,0.0,0.182,0.0,0.0,0.0,0.0,0.0,0.0,0.091,0.0,0.0,0.0,0.0,0.0,Cu_Fe_DB.csv,,,,,,,,,
658,Al20.0Ti20.0Ni20.0Cu20.0Fe20.0,FCC1 + FCC2,544.0,,,,1569.0,13.5,973K annealing,dx.doi.org/10.1016/j.apsusc.2015.07.215,1.0,0.0,0.0,0.0,0.0,0.2,0.0,0.0,0.0,0.0,0.0,0.2,0.2,0.0,0.0,0.0,0.0,0.0,0.0,0.0,0.0,0.0,0.0,0.2,0.0,0.0,0.0,0.0,0.0,0.0,0.2,0.0,0.0,0.0,0.0,0.0,Cu_Fe_DB.csv,,,,,,,,,
652,Al22.5Ti22.5Ni20.0Cu20.0Fe15.0,FCC1 + FCC2,575.0,,,,1490.0,8.5,973K annealing,dx.doi.org/10.1016/j.apsusc.2015.07.207,1.0,0.0,0.0,0.0,0.0,0.225,0.0,0.0,0.0,0.0,0.0,0.2,0.15,0.0,0.0,0.0,0.0,0.0,0.0,0.0,0.0,0.0,0.0,0.2,0.0,0.0,0.0,0.0,0.0,0.0,0.225,0.0,0.0,0.0,0.0,0.0,Cu_Fe_DB.csv,,,,,,,,,
573,FeCoNi1.5CuB0.5Y0.2,FCC,,,,,1480.05,,"−196 °C, 36 h, 5 °C/min",https://doi.org/10.1016/j.jallcom.2022.164310,1.0,0.0,0.0,0.0,0.0,0.0,0.096,0.0,0.0,0.192,0.0,0.192,0.192,0.0,0.0,0.0,0.0,0.0,0.0,0.0,0.0,0.0,0.0,0.288,0.0,0.0,0.0,0.0,0.0,0.0,0.0,0.0,0.0,0.038,0.0,0.0,Cu_Fe_DB.csv,,,,,,,,,
57,AlCoCrCuFeNiV,FCC + BCC,,,,,1469.0,16.0,,https://doi.org/10.1016/j.dib.2018.11.111,1.0,1.0,0.0,0.0,0.0,0.143,0.0,0.0,0.0,0.143,0.143,0.143,0.143,0.0,0.0,0.0,0.0,0.0,0.0,0.0,0.0,0.0,0.0,0.143,0.0,0.0,0.0,0.0,0.0,0.0,0.0,0.143,0.0,0.0,0.0,0.0,Cu_Fe_DB.csv,,,,,,,,,
153,Al20(CoCrCuFeMnNiTiV)80,BCC,,,,,1465.0,2.0,,https://doi.org/10.1016/j.dib.2018.11.111,0.0,1.0,0.0,0.0,0.0,0.2,0.0,0.0,0.0,0.1,0.1,0.1,0.1,0.0,0.0,0.0,0.0,0.0,0.1,0.0,0.0,0.0,0.0,0.1,0.0,0.0,0.0,0.0,0.0,0.0,0.1,0.1,0.0,0.0,0.0,0.0,Cu_Fe_DB.csv,,,,,,,,,
154,Al40(CoCrCuFeMnNiTiV)60,BCC + Im,,,,,1461.0,1.0,,https://doi.org/10.1016/j.dib.2018.11.111,0.0,1.0,0.0,1.0,0.0,0.4,0.0,0.0,0.0,0.075,0.075,0.075,0.075,0.0,0.0,0.0,0.0,0.0,0.075,0.0,0.0,0.0,0.0,0.075,0.0,0.0,0.0,0.0,0.0,0.0,0.075,0.075,0.0,0.0,0.0,0.0,Cu_Fe_DB.csv,,,,,,,,,
352,FeCoNiCuMo,FCC1+FCC2+Cu rich,382.0,,,,1460.0,50.0,Arc melting,https://doi.org/10.1016/j.vacuum.2020.109173,1.0,0.0,0.0,1.0,0.0,0.0,0.0,0.0,0.0,0.2,0.0,0.2,0.2,0.0,0.0,0.0,0.0,0.0,0.0,0.2,0.0,0.0,0.0,0.2,0.0,0.0,0.0,0.0,0.0,0.0,0.0,0.0,0.0,0.0,0.0,0.0,Cu_Fe_DB.csv,,,,,,,,,
351,FeCoNiCuMo0.8,FCC1+FCC2+Cu rich,347.0,,,,1436.0,43.0,Arc melting,https://doi.org/10.1016/j.vacuum.2020.109173,1.0,0.0,0.0,1.0,0.0,0.0,0.0,0.0,0.0,0.208,0.0,0.208,0.208,0.0,0.0,0.0,0.0,0.0,0.0,0.167,0.0,0.0,0.0,0.208,0.0,0.0,0.0,0.0,0.0,0.0,0.0,0.0,0.0,0.0,0.0,0.0,Cu_Fe_DB.csv,,,,,,,,,
814,CuYZrTiAl,HCP1+BCC,480.0,,,,1432.0,,,dx.doi.org/10.1016/j.matdes.2016.06.100,0.0,1.0,1.0,0.0,0.0,0.2,0.0,0.0,0.0,0.0,0.0,0.2,0.0,0.0,0.0,0.0,0.0,0.0,0.0,0.0,0.0,0.0,0.0,0.0,0.0,0.0,0.0,0.0,0.0,0.0,0.2,0.0,0.0,0.2,0.0,0.2,Cu_Fe_DB.csv,,,,,,,,,
350,FeCoNiCuMo0.6,FCC,277.0,,,,1421.0,34.0,Arc melting,https://doi.org/10.1016/j.vacuum.2020.109173,1.0,0.0,0.0,0.0,0.0,0.0,0.0,0.0,0.0,0.217,0.0,0.217,0.217,0.0,0.0,0.0,0.0,0.0,0.0,0.13,0.0,0.0,0.0,0.217,0.0,0.0,0.0,0.0,0.0,0.0,0.0,0.0,0.0,0.0,0.0,0.0,Cu_Fe_DB.csv,,,,,,,,,
815,CuYZrTiHf,HCP1+BCC,312.0,,,,1380.0,21.3,,dx.doi.org/10.1016/j.matdes.2016.06.100,0.0,1.0,1.0,0.0,0.0,0.0,0.0,0.0,0.0,0.0,0.0,0.2,0.0,0.0,0.0,0.2,0.0,0.0,0.0,0.0,0.0,0.0,0.0,0.0,0.0,0.0,0.0,0.0,0.0,0.0,0.2,0.0,0.0,0.2,0.0,0.2,Cu_Fe_DB.csv,,,,,,,,,
886,FeCrNiCoCu0.5Al,Unknown,582.0,,,,1355.0,9.0,,http://dx.doi.org/10.1016/j.jallcom.2014.06.090,0.0,0.0,0.0,0.0,0.0,0.182,0.0,0.0,0.0,0.182,0.182,0.091,0.182,0.0,0.0,0.0,0.0,0.0,0.0,0.0,0.0,0.0,0.0,0.182,0.0,0.0,0.0,0.0,0.0,0.0,0.0,0.0,0.0,0.0,0.0,0.0,Cu_Fe_DB.csv,,,,,,,,,
885,FeCrNiCoCu0.5Al0.9,FCC+BCC,570.0,,,,1345.0,9.0,,http://dx.doi.org/10.1016/j.jallcom.2014.06.090,1.0,1.0,0.0,0.0,0.0,0.167,0.0,0.0,0.0,0.185,0.185,0.093,0.185,0.0,0.0,0.0,0.0,0.0,0.0,0.0,0.0,0.0,0.0,0.185,0.0,0.0,0.0,0.0,0.0,0.0,0.0,0.0,0.0,0.0,0.0,0.0,Cu_Fe_DB.csv,,,,,,,,,
653,Al22.5Ti22.5Ni20.0Cu20.0Fe15.0,FCC1 + FCC2,370.0,,,,1335.0,8.8,1173K annealing,dx.doi.org/10.1016/j.apsusc.2015.07.207,1.0,0.0,0.0,0.0,0.0,0.225,0.0,0.0,0.0,0.0,0.0,0.2,0.15,0.0,0.0,0.0,0.0,0.0,0.0,0.0,0.0,0.0,0.0,0.2,0.0,0.0,0.0,0.0,0.0,0.0,0.225,0.0,0.0,0.0,0.0,0.0,Cu_Fe_DB.csv,,,,,,,,,
570,FeCoNi1.5CuB0.5Y0.2,FCC,,,,,1331.92,,"−196 °C, 36 h, 10 °C/min",https://doi.org/10.1016/j.jallcom.2022.164310,1.0,0.0,0.0,0.0,0.0,0.0,0.096,0.0,0.0,0.192,0.0,0.192,0.192,0.0,0.0,0.0,0.0,0.0,0.0,0.0,0.0,0.0,0.0,0.288,0.0,0.0,0.0,0.0,0.0,0.0,0.0,0.0,0.0,0.038,0.0,0.0,Cu_Fe_DB.csv,,,,,,,,,
651,Al22.5Ti22.5Ni20.0Cu20.0Fe15.0,FCC1 + FCC2,516.0,,,,1326.0,6.6,298K annealing,dx.doi.org/10.1016/j.apsusc.2015.07.207,1.0,0.0,0.0,0.0,0.0,0.225,0.0,0.0,0.0,0.0,0.0,0.2,0.15,0.0,0.0,0.0,0.0,0.0,0.0,0.0,0.0,0.0,0.0,0.2,0.0,0.0,0.0,0.0,0.0,0.0,0.225,0.0,0.0,0.0,0.0,0.0,Cu_Fe_DB.csv,,,,,,,,,
151,CoCrCuFeMnNiTiV,FCC + BCC + IM,,,,,1312.0,1.0,,https://doi.org/10.1016/j.dib.2018.11.111,1.0,1.0,0.0,1.0,0.0,0.0,0.0,0.0,0.0,0.125,0.125,0.125,0.125,0.0,0.0,0.0,0.0,0.0,0.125,0.0,0.0,0.0,0.0,0.125,0.0,0.0,0.0,0.0,0.0,0.0,0.125,0.125,0.0,0.0,0.0,0.0,Cu_Fe_DB.csv,,,,,,,,,
51,CoCrCuFeNiTi,FCC,,,,,1272.0,2.0,,https://doi.org/10.1016/j.dib.2018.11.111,1.0,0.0,0.0,0.0,0.0,0.0,0.0,0.0,0.0,0.167,0.167,0.167,0.167,0.0,0.0,0.0,0.0,0.0,0.0,0.0,0.0,0.0,0.0,0.167,0.0,0.0,0.0,0.0,0.0,0.0,0.167,0.0,0.0,0.0,0.0,0.0,Cu_Fe_DB.csv,,,,,,,,,
657,Al25.0Ti25.0Ni25.0Cu25.0,FCC,416.0,,,,1263.0,1.2,1173K annealing,dx.doi.org/10.1016/j.apsusc.2015.07.207,1.0,0.0,0.0,0.0,0.0,0.25,0.0,0.0,0.0,0.0,0.0,0.25,0.0,0.0,0.0,0.0,0.0,0.0,0.0,0.0,0.0,0.0,0.0,0.25,0.0,0.0,0.0,0.0,0.0,0.0,0.25,0.0,0.0,0.0,0.0,0.0,Cu_Fe_DB.csv,,,,,,,,,
892,Al0.5CoCrCuFeNiSi0.0,FCC+BCC,263.0,,,,1260.0,35.0,,http://dx.doi.org/10.1016/j.jallcom.2014.11.085,1.0,1.0,0.0,0.0,0.0,0.091,0.0,0.0,0.0,0.182,0.182,0.182,0.182,0.0,0.0,0.0,0.0,0.0,0.0,0.0,0.0,0.0,0.0,0.182,0.0,0.0,0.0,0.0,0.0,0.0,0.0,0.0,0.0,0.0,0.0,0.0,Cu_Fe_DB.csv,,,,,,,,,
647,Al20.0Ti20.0Ni20.0Cu20.0Fe20.0,FCC1 + FCC2,449.0,,,,1247.0,4.3,1173K annealing,dx.doi.org/10.1016/j.apsusc.2015.07.207,1.0,0.0,0.0,0.0,0.0,0.2,0.0,0.0,0.0,0.0,0.0,0.2,0.2,0.0,0.0,0.0,0.0,0.0,0.0,0.0,0.0,0.0,0.0,0.2,0.0,0.0,0.0,0.0,0.0,0.0,0.2,0.0,0.0,0.0,0.0,0.0,Cu_Fe_DB.csv,,,,,,,,,
525,AlCuFeMnTiV,FCC,596.12,,,,1238.0,7.38,Sintering temperature 1100°C,https://doi.org/10.1016/j.jallcom.2021.163352,1.0,0.0,0.0,0.0,0.0,0.167,0.0,0.0,0.0,0.0,0.0,0.167,0.167,0.0,0.0,0.0,0.0,0.0,0.167,0.0,0.0,0.0,0.0,0.0,0.0,0.0,0.0,0.0,0.0,0.0,0.167,0.167,0.0,0.0,0.0,0.0,Cu_Fe_DB.csv,,,,,,,,,
56,AlCoCrCuFeNiTi,FCC + BCC,,,,,1234.0,9.0,,https://doi.org/10.1016/j.dib.2018.11.111,1.0,1.0,0.0,0.0,0.0,0.143,0.0,0.0,0.0,0.143,0.143,0.143,0.143,0.0,0.0,0.0,0.0,0.0,0.0,0.0,0.0,0.0,0.0,0.143,0.0,0.0,0.0,0.0,0.0,0.0,0.143,0.0,0.0,0.0,0.0,0.0,Cu_Fe_DB.csv,,,,,,,,,
791,AlCrFeCoNiCuTi,Unknown,,,,,1234.0,9.0,,dx.doi.org/10.1016/j.matchar.2016.02.018,0.0,0.0,0.0,0.0,0.0,0.143,0.0,0.0,0.0,0.143,0.143,0.143,0.143,0.0,0.0,0.0,0.0,0.0,0.0,0.0,0.0,0.0,0.0,0.143,0.0,0.0,0.0,0.0,0.0,0.0,0.143,0.0,0.0,0.0,0.0,0.0,Cu_Fe_DB.csv,,,,,,,,,
572,FeCoNi1.5CuB0.5Y0.2,FCC,,,,,1217.74,,"−196 °C, 36 h, 1 °C/min",https://doi.org/10.1016/j.jallcom.2022.164310,1.0,0.0,0.0,0.0,0.0,0.0,0.096,0.0,0.0,0.192,0.0,0.192,0.192,0.0,0.0,0.0,0.0,0.0,0.0,0.0,0.0,0.0,0.0,0.288,0.0,0.0,0.0,0.0,0.0,0.0,0.0,0.0,0.0,0.038,0.0,0.0,Cu_Fe_DB.csv,,,,,,,,,
650,Al22.5Ti22.5Ni20.0Cu20.0Fe15.0,FCC1 + FCC2,434.0,,,,1210.0,1.8,773K annealing,dx.doi.org/10.1016/j.apsusc.2015.07.207,1.0,0.0,0.0,0.0,0.0,0.225,0.0,0.0,0.0,0.0,0.0,0.2,0.15,0.0,0.0,0.0,0.0,0.0,0.0,0.0,0.0,0.0,0.0,0.2,0.0,0.0,0.0,0.0,0.0,0.0,0.225,0.0,0.0,0.0,0.0,0.0,Cu_Fe_DB.csv,,,,,,,,,
569,FeCoNi1.5CuB0.5Y0.2,FCC,,,,,1198.22,,"−196 °C, 24 h, 10 °C/min",https://doi.org/10.1016/j.jallcom.2022.164310,1.0,0.0,0.0,0.0,0.0,0.0,0.096,0.0,0.0,0.192,0.0,0.192,0.192,0.0,0.0,0.0,0.0,0.0,0.0,0.0,0.0,0.0,0.0,0.288,0.0,0.0,0.0,0.0,0.0,0.0,0.0,0.0,0.0,0.038,0.0,0.0,Cu_Fe_DB.csv,,,,,,,,,
571,FeCoNi1.5CuB0.5Y0.2,FCC,,,,,1164.26,,"−196 °C, 48 h, 10 °C/min",https://doi.org/10.1016/j.jallcom.2022.164310,1.0,0.0,0.0,0.0,0.0,0.0,0.096,0.0,0.0,0.192,0.0,0.192,0.192,0.0,0.0,0.0,0.0,0.0,0.0,0.0,0.0,0.0,0.0,0.288,0.0,0.0,0.0,0.0,0.0,0.0,0.0,0.0,0.0,0.038,0.0,0.0,Cu_Fe_DB.csv,,,,,,,,,
884,FeCrNiCoCu0.5Al0.8,FCC+BCC,410.0,,,,1150.0,27.0,,http://dx.doi.org/10.1016/j.jallcom.2014.06.090,1.0,1.0,0.0,0.0,0.0,0.151,0.0,0.0,0.0,0.189,0.189,0.094,0.189,0.0,0.0,0.0,0.0,0.0,0.0,0.0,0.0,0.0,0.0,0.189,0.0,0.0,0.0,0.0,0.0,0.0,0.0,0.0,0.0,0.0,0.0,0.0,Cu_Fe_DB.csv,,,,,,,,,
778,Ni1.2CoCuFeCr0.8,FCC1+FCC2,374.0,,,,1145.0,26.9,spark plasma sintering (SPS).,dx.doi.org/10.1016/j.jallcom.2015.11.205,1.0,0.0,0.0,0.0,0.0,0.0,0.0,0.0,0.0,0.2,0.16,0.2,0.2,0.0,0.0,0.0,0.0,0.0,0.0,0.0,0.0,0.0,0.0,0.24,0.0,0.0,0.0,0.0,0.0,0.0,0.0,0.0,0.0,0.0,0.0,0.0,Cu_Fe_DB.csv,,,,,,,,,
349,FeCoNiCuMo0.4,FCC,203.0,,,,1106.0,40.0,Arc melting,https://doi.org/10.1016/j.vacuum.2020.109173,1.0,0.0,0.0,0.0,0.0,0.0,0.0,0.0,0.0,0.227,0.0,0.227,0.227,0.0,0.0,0.0,0.0,0.0,0.0,0.091,0.0,0.0,0.0,0.227,0.0,0.0,0.0,0.0,0.0,0.0,0.0,0.0,0.0,0.0,0.0,0.0,Cu_Fe_DB.csv,,,,,,,,,
568,FeCoNi1.5CuB0.5Y0.2,FCC,,,,,1088.71,,"−196 °C, 12 h, 10 °C/min",https://doi.org/10.1016/j.jallcom.2022.164310,1.0,0.0,0.0,0.0,0.0,0.0,0.096,0.0,0.0,0.192,0.0,0.192,0.192,0.0,0.0,0.0,0.0,0.0,0.0,0.0,0.0,0.0,0.0,0.288,0.0,0.0,0.0,0.0,0.0,0.0,0.0,0.0,0.0,0.038,0.0,0.0,Cu_Fe_DB.csv,,,,,,,,,
567,FeCoNi1.5CuB0.5Y0.2,FCC,,,,,1081.49,,"−100 °C, 24 h, 10 °C/min",https://doi.org/10.1016/j.jallcom.2022.164310,1.0,0.0,0.0,0.0,0.0,0.0,0.096,0.0,0.0,0.192,0.0,0.192,0.192,0.0,0.0,0.0,0.0,0.0,0.0,0.0,0.0,0.0,0.0,0.288,0.0,0.0,0.0,0.0,0.0,0.0,0.0,0.0,0.0,0.038,0.0,0.0,Cu_Fe_DB.csv,,,,,,,,,
69,AlCuFeNiTi,FCC,516.0,,,,1074.0,8.0,,https://doi.org/10.1016/j.dib.2018.11.111,1.0,0.0,0.0,0.0,0.0,0.2,0.0,0.0,0.0,0.0,0.0,0.2,0.2,0.0,0.0,0.0,0.0,0.0,0.0,0.0,0.0,0.0,0.0,0.2,0.0,0.0,0.0,0.0,0.0,0.0,0.2,0.0,0.0,0.0,0.0,0.0,Cu_Fe_DB.csv,,,,,,,,,
566,FeCoNi1.5CuB0.5Y0.2,FCC,,,,,1053.1,,"−50 °C, 24 h, 10 °C/min",https://doi.org/10.1016/j.jallcom.2022.164310,1.0,0.0,0.0,0.0,0.0,0.0,0.096,0.0,0.0,0.192,0.0,0.192,0.192,0.0,0.0,0.0,0.0,0.0,0.0,0.0,0.0,0.0,0.0,0.288,0.0,0.0,0.0,0.0,0.0,0.0,0.0,0.0,0.0,0.038,0.0,0.0,Cu_Fe_DB.csv,,,,,,,,,
50,CoCrCuFeNiTi0.8,FCC + Im,,,,,1042.0,3.0,,https://doi.org/10.1016/j.dib.2018.11.111,1.0,0.0,0.0,1.0,0.0,0.0,0.0,0.0,0.0,0.172,0.172,0.172,0.172,0.0,0.0,0.0,0.0,0.0,0.0,0.0,0.0,0.0,0.0,0.172,0.0,0.0,0.0,0.0,0.0,0.0,0.138,0.0,0.0,0.0,0.0,0.0,Cu_Fe_DB.csv,,,,,,,,,
348,FeCoNiCuMo0.2,FCC,162.0,,,,1041.0,54.0,Arc melting,https://doi.org/10.1016/j.vacuum.2020.109173,1.0,0.0,0.0,0.0,0.0,0.0,0.0,0.0,0.0,0.238,0.0,0.238,0.238,0.0,0.0,0.0,0.0,0.0,0.0,0.048,0.0,0.0,0.0,0.238,0.0,0.0,0.0,0.0,0.0,0.0,0.0,0.0,0.0,0.0,0.0,0.0,Cu_Fe_DB.csv,,,,,,,,,
565,FeCoNi1.5CuB0.5Y0.2,FCC,,,,,1023.57,,Untreated,https://doi.org/10.1016/j.jallcom.2022.164310,1.0,0.0,0.0,0.0,0.0,0.0,0.096,0.0,0.0,0.192,0.0,0.192,0.192,0.0,0.0,0.0,0.0,0.0,0.0,0.0,0.0,0.0,0.0,0.288,0.0,0.0,0.0,0.0,0.0,0.0,0.0,0.0,0.0,0.038,0.0,0.0,Cu_Fe_DB.csv,,,,,,,,,
780,Ni1.5CoCuFeCr0.5,FCC1+FCC2,376.0,,,,1009.0,29.5,spark plasma sintering (SPS).,dx.doi.org/10.1016/j.jallcom.2015.11.205,1.0,0.0,0.0,0.0,0.0,0.0,0.0,0.0,0.0,0.2,0.1,0.2,0.2,0.0,0.0,0.0,0.0,0.0,0.0,0.0,0.0,0.0,0.0,0.3,0.0,0.0,0.0,0.0,0.0,0.0,0.0,0.0,0.0,0.0,0.0,0.0,Cu_Fe_DB.csv,,,,,,,,,
894,Al0.5CoCrCuFeNiSi0.8,FCC+BCC,653.0,,,,1006.0,3.7,,http://dx.doi.org/10.1016/j.jallcom.2014.11.085,1.0,1.0,0.0,0.0,0.0,0.079,0.0,0.0,0.0,0.159,0.159,0.159,0.159,0.0,0.0,0.0,0.0,0.0,0.0,0.0,0.0,0.0,0.0,0.159,0.0,0.0,0.0,0.127,0.0,0.0,0.0,0.0,0.0,0.0,0.0,0.0,Cu_Fe_DB.csv,,,,,,,,,
55,AlCoCrCuFeMnNi,FCC + BCC + Im,,,,,1005.0,15.0,,https://doi.org/10.1016/j.dib.2018.11.111,1.0,1.0,0.0,1.0,0.0,0.143,0.0,0.0,0.0,0.143,0.143,0.143,0.143,0.0,0.0,0.0,0.0,0.0,0.143,0.0,0.0,0.0,0.0,0.143,0.0,0.0,0.0,0.0,0.0,0.0,0.0,0.0,0.0,0.0,0.0,0.0,Cu_Fe_DB.csv,,,,,,,,,
790,AlCrFeCoNiCuMn,Unknown,,,,,1005.0,15.0,,dx.doi.org/10.1016/j.matchar.2016.02.018,0.0,0.0,0.0,0.0,0.0,0.143,0.0,0.0,0.0,0.143,0.143,0.143,0.143,0.0,0.0,0.0,0.0,0.0,0.143,0.0,0.0,0.0,0.0,0.143,0.0,0.0,0.0,0.0,0.0,0.0,0.0,0.0,0.0,0.0,0.0,0.0,Cu_Fe_DB.csv,,,,,,,,,
67,Al1.125CuFe0.75NiTi1.125,FCC,516.0,,,,980.0,7.0,,https://doi.org/10.1016/j.dib.2018.11.111,1.0,0.0,0.0,0.0,0.0,0.225,0.0,0.0,0.0,0.0,0.0,0.2,0.15,0.0,0.0,0.0,0.0,0.0,0.0,0.0,0.0,0.0,0.0,0.2,0.0,0.0,0.0,0.0,0.0,0.0,0.225,0.0,0.0,0.0,0.0,0.0,Cu_Fe_DB.csv,,,,,,,,,
68,Al22.5Cu20.0Fe15.0Ni20.0Ti22.5,FCC,516.0,,,,980.0,7.0,,https://doi.org/10.1016/j.dib.2018.11.111,1.0,0.0,0.0,0.0,0.0,0.225,0.0,0.0,0.0,0.0,0.0,0.2,0.15,0.0,0.0,0.0,0.0,0.0,0.0,0.0,0.0,0.0,0.0,0.2,0.0,0.0,0.0,0.0,0.0,0.0,0.225,0.0,0.0,0.0,0.0,0.0,Cu_Fe_DB.csv,,,,,,,,,
54,AlCoCrCuFeNi,FCC + BCC,406.0,,,,950.0,,,https://doi.org/10.1016/j.dib.2018.11.111,1.0,1.0,0.0,0.0,0.0,0.167,0.0,0.0,0.0,0.167,0.167,0.167,0.167,0.0,0.0,0.0,0.0,0.0,0.0,0.0,0.0,0.0,0.0,0.167,0.0,0.0,0.0,0.0,0.0,0.0,0.0,0.0,0.0,0.0,0.0,0.0,Cu_Fe_DB.csv,,,,,,,,,
656,Al25.0Ti25.0Ni25.0Cu25.0,FCC,518.0,,,,870.0,0.96,973K annealing,dx.doi.org/10.1016/j.apsusc.2015.07.207,1.0,0.0,0.0,0.0,0.0,0.25,0.0,0.0,0.0,0.0,0.0,0.25,0.0,0.0,0.0,0.0,0.0,0.0,0.0,0.0,0.0,0.0,0.0,0.25,0.0,0.0,0.0,0.0,0.0,0.0,0.25,0.0,0.0,0.0,0.0,0.0,Cu_Fe_DB.csv,,,,,,,,,
784,NiCoCuFeCr,FCC1+FCC2,321.0,,,,869.0,32.2,spark plasma sintering (SPS).,dx.doi.org/10.1016/j.jallcom.2015.11.205,1.0,0.0,0.0,0.0,0.0,0.0,0.0,0.0,0.0,0.2,0.2,0.2,0.2,0.0,0.0,0.0,0.0,0.0,0.0,0.0,0.0,0.0,0.0,0.2,0.0,0.0,0.0,0.0,0.0,0.0,0.0,0.0,0.0,0.0,0.0,0.0,Cu_Fe_DB.csv,,,,,,,,,
883,FeCrNiCoCu0.5Al0.75,FCC+BCC,350.0,,,,820.0,28.0,,http://dx.doi.org/10.1016/j.jallcom.2014.06.090,1.0,1.0,0.0,0.0,0.0,0.143,0.0,0.0,0.0,0.19,0.19,0.095,0.19,0.0,0.0,0.0,0.0,0.0,0.0,0.0,0.0,0.0,0.0,0.19,0.0,0.0,0.0,0.0,0.0,0.0,0.0,0.0,0.0,0.0,0.0,0.0,Cu_Fe_DB.csv,,,,,,,,,
528,Al35.0Mg15.0Zn30.0Cu5.0Si15.0,FCC+Mg2Si,,,,,765.0,6.3,As-cast,https://doi.org/10.1016/j.jallcom.2021.163508,1.0,0.0,0.0,1.0,0.0,0.35,0.0,0.0,0.0,0.0,0.0,0.05,0.0,0.0,0.0,0.0,0.0,0.15,0.0,0.0,0.0,0.0,0.0,0.0,0.0,0.0,0.0,0.15,0.0,0.0,0.0,0.0,0.0,0.0,0.3,0.0,Cu_Fe_DB.csv,,,,,,,,,
52,Al0.25CoCrCu0.75FeNiTi0.5,FCC,,,,,750.0,39.0,,https://doi.org/10.1016/j.dib.2018.11.111,1.0,0.0,0.0,0.0,0.0,0.045,0.0,0.0,0.0,0.182,0.182,0.136,0.182,0.0,0.0,0.0,0.0,0.0,0.0,0.0,0.0,0.0,0.0,0.182,0.0,0.0,0.0,0.0,0.0,0.0,0.091,0.0,0.0,0.0,0.0,0.0,Cu_Fe_DB.csv,,,,,,,,,
782,Ni1.8CoCuFeCr0.2,FCC1+FCC2,322.0,,,,747.0,32.4,spark plasma sintering (SPS).,dx.doi.org/10.1016/j.jallcom.2015.11.205,1.0,0.0,0.0,0.0,0.0,0.0,0.0,0.0,0.0,0.2,0.04,0.2,0.2,0.0,0.0,0.0,0.0,0.0,0.0,0.0,0.0,0.0,0.0,0.36,0.0,0.0,0.0,0.0,0.0,0.0,0.0,0.0,0.0,0.0,0.0,0.0,Cu_Fe_DB.csv,,,,,,,,,
527,Al35.0Mg20.0Zn30.0Cu5.0Si10.0,FCC+Mg2Si,,,,,718.0,6.2,As-cast,https://doi.org/10.1016/j.jallcom.2021.163508,1.0,0.0,0.0,1.0,0.0,0.35,0.0,0.0,0.0,0.0,0.0,0.05,0.0,0.0,0.0,0.0,0.0,0.2,0.0,0.0,0.0,0.0,0.0,0.0,0.0,0.0,0.0,0.1,0.0,0.0,0.0,0.0,0.0,0.0,0.3,0.0,Cu_Fe_DB.csv,,,,,,,,,
49,CoCrCuFeNiTi0.5,FCC,,,,,700.0,29.0,,https://doi.org/10.1016/j.dib.2018.11.111,1.0,0.0,0.0,0.0,0.0,0.0,0.0,0.0,0.0,0.182,0.182,0.182,0.182,0.0,0.0,0.0,0.0,0.0,0.0,0.0,0.0,0.0,0.0,0.182,0.0,0.0,0.0,0.0,0.0,0.0,0.091,0.0,0.0,0.0,0.0,0.0,Cu_Fe_DB.csv,,,,,,,,,
792,CrFeCoNiCuTi0.5,Unknown,,,,,700.0,21.0,,dx.doi.org/10.1016/j.matchar.2016.02.018,0.0,0.0,0.0,0.0,0.0,0.0,0.0,0.0,0.0,0.182,0.182,0.182,0.182,0.0,0.0,0.0,0.0,0.0,0.0,0.0,0.0,0.0,0.0,0.182,0.0,0.0,0.0,0.0,0.0,0.0,0.091,0.0,0.0,0.0,0.0,0.0,Cu_Fe_DB.csv,,,,,,,,,
924,Al0.5Si0.2CrFeCoNCu0.5,FCC+BCC,,,,,650.0,44.0,,dx.doi.org/10.1016/j.matdes.2015.11.013,1.0,1.0,0.0,0.0,0.0,0.096,0.0,0.0,0.0,0.192,0.192,0.096,0.192,0.0,0.0,0.0,0.0,0.0,0.0,0.0,0.192,0.0,0.0,0.0,0.0,0.0,0.0,0.038,0.0,0.0,0.0,0.0,0.0,0.0,0.0,0.0,Cu_Fe_DB.csv,,,,,,,,,
882,FeCrNiCoCu0.5Al0.7,FCC+BCC,320.0,,,,630.0,42.7,,http://dx.doi.org/10.1016/j.jallcom.2014.06.090,1.0,1.0,0.0,0.0,0.0,0.135,0.0,0.0,0.0,0.192,0.192,0.096,0.192,0.0,0.0,0.0,0.0,0.0,0.0,0.0,0.0,0.0,0.0,0.192,0.0,0.0,0.0,0.0,0.0,0.0,0.0,0.0,0.0,0.0,0.0,0.0,Cu_Fe_DB.csv,,,,,,,,,
158,(CuMnNi)90Sn10,FCC + Im,318.0,,,,630.0,20.0,,https://doi.org/10.1016/j.dib.2018.11.111,1.0,0.0,0.0,1.0,0.0,0.0,0.0,0.0,0.0,0.0,0.0,0.3,0.0,0.0,0.0,0.0,0.0,0.0,0.3,0.0,0.0,0.0,0.0,0.3,0.0,0.0,0.0,0.0,0.1,0.0,0.0,0.0,0.0,0.0,0.0,0.0,Cu_Fe_DB.csv,,,,,,,,,
526,Al35.0Mg25.0Zn30.0Cu5.0Si5.0,FCC+Mg2Si,,,,,559.0,4.6,As-cast,https://doi.org/10.1016/j.jallcom.2021.163508,1.0,0.0,0.0,1.0,0.0,0.35,0.0,0.0,0.0,0.0,0.0,0.05,0.0,0.0,0.0,0.0,0.0,0.25,0.0,0.0,0.0,0.0,0.0,0.0,0.0,0.0,0.0,0.05,0.0,0.0,0.0,0.0,0.0,0.0,0.3,0.0,Cu_Fe_DB.csv,,,,,,,,,
923,Al0.4Si0.2CrFeCoNCu0.6,FCC,,,,,550.0,50.0,,dx.doi.org/10.1016/j.matdes.2015.11.013,1.0,0.0,0.0,0.0,0.0,0.077,0.0,0.0,0.0,0.192,0.192,0.115,0.192,0.0,0.0,0.0,0.0,0.0,0.0,0.0,0.192,0.0,0.0,0.0,0.0,0.0,0.0,0.038,0.0,0.0,0.0,0.0,0.0,0.0,0.0,0.0,Cu_Fe_DB.csv,,,,,,,,,
655,Al25.0Ti25.0Ni25.0Cu25.0,FCC,537.0,,,,536.0,0.85,298K annealing,dx.doi.org/10.1016/j.apsusc.2015.07.207,1.0,0.0,0.0,0.0,0.0,0.25,0.0,0.0,0.0,0.0,0.0,0.25,0.0,0.0,0.0,0.0,0.0,0.0,0.0,0.0,0.0,0.0,0.0,0.25,0.0,0.0,0.0,0.0,0.0,0.0,0.25,0.0,0.0,0.0,0.0,0.0,Cu_Fe_DB.csv,,,,,,,,,
157,(CuMnNi)90Al10,FCC + Im,241.0,,,,515.0,40.0,,https://doi.org/10.1016/j.dib.2018.11.111,1.0,0.0,0.0,1.0,0.0,0.1,0.0,0.0,0.0,0.0,0.0,0.3,0.0,0.0,0.0,0.0,0.0,0.0,0.3,0.0,0.0,0.0,0.0,0.3,0.0,0.0,0.0,0.0,0.0,0.0,0.0,0.0,0.0,0.0,0.0,0.0,Cu_Fe_DB.csv,,,,,,,,,
922,Al0.2Si0.2CrFeCoNiCu0.8,FCC,,,,,500.0,50.0,,dx.doi.org/10.1016/j.matdes.2015.11.013,1.0,0.0,0.0,0.0,0.0,0.038,0.0,0.0,0.0,0.192,0.192,0.154,0.192,0.0,0.0,0.0,0.0,0.0,0.0,0.0,0.0,0.0,0.0,0.192,0.0,0.0,0.0,0.038,0.0,0.0,0.0,0.0,0.0,0.0,0.0,0.0,Cu_Fe_DB.csv,,,,,,,,,
654,Al25.0Ti25.0Ni25.0Cu25.0,FCC,521.0,,,,498.0,0.67,773K annealing,dx.doi.org/10.1016/j.apsusc.2015.07.207,1.0,0.0,0.0,0.0,0.0,0.25,0.0,0.0,0.0,0.0,0.0,0.25,0.0,0.0,0.0,0.0,0.0,0.0,0.0,0.0,0.0,0.0,0.0,0.25,0.0,0.0,0.0,0.0,0.0,0.0,0.25,0.0,0.0,0.0,0.0,0.0,Cu_Fe_DB.csv,,,,,,,,,
74,Al8.0Cu0.5Li0.5Mg0.5Zn0.5,FCC + IM,,,,,488.0,17.0,,https://doi.org/10.1016/j.dib.2018.11.111,1.0,0.0,0.0,1.0,0.0,0.8,0.0,0.0,0.0,0.0,0.0,0.05,0.0,0.0,0.0,0.0,0.05,0.05,0.0,0.0,0.0,0.0,0.0,0.0,0.0,0.0,0.0,0.0,0.0,0.0,0.0,0.0,0.0,0.0,0.05,0.0,Cu_Fe_DB.csv,,,,,,,,,
53,Al0.5CoCrCuFeNi,FCC,210.0,,,,388.0,,,https://doi.org/10.1016/j.dib.2018.11.111,1.0,0.0,0.0,0.0,0.0,0.091,0.0,0.0,0.0,0.182,0.182,0.182,0.182,0.0,0.0,0.0,0.0,0.0,0.0,0.0,0.0,0.0,0.0,0.182,0.0,0.0,0.0,0.0,0.0,0.0,0.0,0.0,0.0,0.0,0.0,0.0,Cu_Fe_DB.csv,,,,,,,,,
160,(CuMnNi)95Sn5,FCC + Im,205.0,,,,380.0,63.0,,https://doi.org/10.1016/j.dib.2018.11.111,1.0,0.0,0.0,1.0,0.0,0.0,0.0,0.0,0.0,0.0,0.0,0.317,0.0,0.0,0.0,0.0,0.0,0.0,0.317,0.0,0.0,0.0,0.0,0.317,0.0,0.0,0.0,0.0,0.05,0.0,0.0,0.0,0.0,0.0,0.0,0.0,Cu_Fe_DB.csv,,,,,,,,,
891,FeCrNiCoAl0.5Cu,FCC,275.0,,,,350.0,,,http://dx.doi.org/10.1016/j.jallcom.2014.06.090,1.0,0.0,0.0,0.0,0.0,0.091,0.0,0.0,0.0,0.182,0.182,0.182,0.182,0.0,0.0,0.0,0.0,0.0,0.0,0.0,0.0,0.0,0.0,0.182,0.0,0.0,0.0,0.0,0.0,0.0,0.0,0.0,0.0,0.0,0.0,0.0,Cu_Fe_DB.csv,,,,,,,,,
881,FeCrNiCoCu0.5Al0.5,Unknown,245.0,,,,340.0,,,http://dx.doi.org/10.1016/j.jallcom.2014.06.090,0.0,0.0,0.0,0.0,0.0,0.1,0.0,0.0,0.0,0.2,0.2,0.1,0.2,0.0,0.0,0.0,0.0,0.0,0.0,0.0,0.0,0.0,0.0,0.2,0.0,0.0,0.0,0.0,0.0,0.0,0.0,0.0,0.0,0.0,0.0,0.0,Cu_Fe_DB.csv,,,,,,,,,
159,(CuMnNi)95Al5,FCC,166.0,,,,330.0,45.0,,https://doi.org/10.1016/j.dib.2018.11.111,1.0,0.0,0.0,0.0,0.0,0.05,0.0,0.0,0.0,0.0,0.0,0.317,0.0,0.0,0.0,0.0,0.0,0.0,0.317,0.0,0.0,0.0,0.0,0.317,0.0,0.0,0.0,0.0,0.0,0.0,0.0,0.0,0.0,0.0,0.0,0.0,Cu_Fe_DB.csv,,,,,,,,,
889,FeCrNiCoAl0.5Cu0.5,FCC,245.0,,,,325.0,,,http://dx.doi.org/10.1016/j.jallcom.2014.06.090,1.0,0.0,0.0,0.0,0.0,0.1,0.0,0.0,0.0,0.2,0.2,0.1,0.2,0.0,0.0,0.0,0.0,0.0,0.0,0.0,0.0,0.0,0.0,0.2,0.0,0.0,0.0,0.0,0.0,0.0,0.0,0.0,0.0,0.0,0.0,0.0,Cu_Fe_DB.csv,,,,,,,,,
890,FeCrNiCoAl0.5Cu0.75,FCC,245.0,,,,320.0,,,http://dx.doi.org/10.1016/j.jallcom.2014.06.090,1.0,0.0,0.0,0.0,0.0,0.095,0.0,0.0,0.0,0.19,0.19,0.143,0.19,0.0,0.0,0.0,0.0,0.0,0.0,0.0,0.0,0.0,0.0,0.19,0.0,0.0,0.0,0.0,0.0,0.0,0.0,0.0,0.0,0.0,0.0,0.0,Cu_Fe_DB.csv,,,,,,,,,
70,AlCuNiTi,FCC,537.0,,,,300.0,1.0,,https://doi.org/10.1016/j.dib.2018.11.111,1.0,0.0,0.0,0.0,0.0,0.25,0.0,0.0,0.0,0.0,0.0,0.25,0.0,0.0,0.0,0.0,0.0,0.0,0.0,0.0,0.0,0.0,0.0,0.25,0.0,0.0,0.0,0.0,0.0,0.0,0.25,0.0,0.0,0.0,0.0,0.0,Cu_Fe_DB.csv,,,,,,,,,
48,CoCrCuFeNi,FCC,132.0,,,,230.0,,,https://doi.org/10.1016/j.dib.2018.11.111,1.0,0.0,0.0,0.0,0.0,0.0,0.0,0.0,0.0,0.2,0.2,0.2,0.2,0.0,0.0,0.0,0.0,0.0,0.0,0.0,0.0,0.0,0.0,0.2,0.0,0.0,0.0,0.0,0.0,0.0,0.0,0.0,0.0,0.0,0.0,0.0,Cu_Fe_DB.csv,,,,,,,,,
155,(CuMnNi)75Zn25,FCC,147.0,,,,215.0,60.0,,https://doi.org/10.1016/j.dib.2018.11.111,1.0,0.0,0.0,0.0,0.0,0.0,0.0,0.0,0.0,0.0,0.0,0.25,0.0,0.0,0.0,0.0,0.0,0.0,0.25,0.0,0.0,0.0,0.0,0.25,0.0,0.0,0.0,0.0,0.0,0.0,0.0,0.0,0.0,0.0,0.25,0.0,Cu_Fe_DB.csv,,,,,,,,,
156,(CuMnNi)80Zn20,FCC,109.0,,,,140.0,65.0,,https://doi.org/10.1016/j.dib.2018.11.111,1.0,0.0,0.0,0.0,0.0,0.0,0.0,0.0,0.0,0.0,0.0,0.267,0.0,0.0,0.0,0.0,0.0,0.0,0.267,0.0,0.0,0.0,0.0,0.267,0.0,0.0,0.0,0.0,0.0,0.0,0.0,0.0,0.0,0.0,0.2,0.0,Cu_Fe_DB.csv,,,,,,,,,
5-2426272829-2020202020-000009_1,CoCrCuFeNi,FCC,,,,,230.0,,,doi.org/10.1016/j.dib.2018.11.111,,,,,,,,,,0.2,0.2,0.2,0.2,,,,,,,,,,,0.2,,,,,,,,,,,,,database (1).csv,8.3,214.0,,,,,,,
5-2426272829-2020202020-000009_2,CoCrCuFeNi,FCC,,,,,230.0,,,doi.org/10.1016/j.dib.2018.11.111,,,,,,,,,,0.2,0.2,0.2,0.2,,,,,,,,,,,0.2,,,,,,,,,,,,,database (1).csv,8.3,206.0,,,,,,,
6-222426272829-091818181818-000009_1,CoCrCuFeNiTi<sub>0.5</sub>,FCC,,,,,700.0,,,doi.org/10.1016/j.dib.2018.11.111,,,,,,,,,,0.18181818181818182,0.18181818181818182,0.18181818181818182,0.18181818181818182,,,,,,,,,,,0.18181818181818182,,,,,,,0.09090909090909091,,,,,,database (1).csv,7.8,206.0,,,,,,,
6-222426272829-091818181818-000009_2,CoCrCuFeNiTi<sub>0.5</sub>,FCC,,,,,700.0,,,doi.org/10.1016/j.dib.2018.11.111,,,,,,,,,,0.18181818181818182,0.18181818181818182,0.18181818181818182,0.18181818181818182,,,,,,,,,,,0.18181818181818182,,,,,,,0.09090909090909091,,,,,,database (1).csv,7.8,198.0,,,,,,,
6-222426272829-131717171717-000009_1,CoCrCuFeNiTi<sub>0.8</sub>,FCC+Im,,,,,1042.0,,,doi.org/10.1016/j.dib.2018.11.111,,,,,,,,,,0.1724137931034483,0.1724137931034483,0.1724137931034483,0.1724137931034483,,,,,,,,,,,0.1724137931034483,,,,,,,0.13793103448275862,,,,,,database (1).csv,7.6,198.0,,,,,,,
6-222426272829-161616161616-000009_1,CoCrCuFeNiTi,FCC,,,,,1272.0,,,doi.org/10.1016/j.dib.2018.11.111,,,,,,,,,,0.16666666666666666,0.16666666666666666,0.16666666666666666,0.16666666666666666,,,,,,,,,,,0.16666666666666666,,,,,,,0.16666666666666666,,,,,,database (1).csv,7.4,128.0,,,,,,,
7-13222426272829-00491818181813-000009_1,Al<sub>0.25</sub>CoCrCu<sub>0.75</sub>FeNiTi<sub>0.5</sub>,FCC,,,,,750.0,,,doi.org/10.1016/j.dib.2018.11.111,,,,,,0.045454545454545456,,,,0.18181818181818182,0.18181818181818182,0.13636363636363635,0.18181818181818182,,,,,,,,,,,0.18181818181818182,,,,,,,0.09090909090909091,,,,,,database (1).csv,7.5,198.0,,,,,,,
6-132426272829-091818181818-000009_1,Al<sub>0.5</sub>CoCrCuFeNi,Unknown,,,,,388.0,,,doi.org/10.1016/j.dib.2018.11.111,,,,,,0.09090909090909091,,,,0.18181818181818182,0.18181818181818182,0.18181818181818182,0.18181818181818182,,,,,,,,,,,0.18181818181818182,,,,,,,,,,,,,database (1).csv,7.6,198.0,,,,,,,
6-132426272829-161616161616-000009_1,AlCoCrCuFeNi,FCC+BCC,,,,,950.0,,,doi.org/10.1016/j.dib.2018.11.111,,,,,,0.16666666666666666,,,,0.16666666666666666,0.16666666666666666,0.16666666666666666,0.16666666666666666,,,,,,,,,,,0.16666666666666666,,,,,,,,,,,,,database (1).csv,7.1,187.0,,,,,,,
6-132426272829-161616161616-000009_3,AlCoCrCuFeNi,FCC+BCC,,,,,1303.0,,,doi.org/10.1016/j.dib.2018.11.111,,,,,,0.16666666666666666,,,,0.16666666666666666,0.16666666666666666,0.16666666666666666,0.16666666666666666,,,,,,,,,,,0.16666666666666666,,,,,,,,,,,,,database (1).csv,7.1,184.0,,,,,,,
7-13242526272829-14141414141414-000009_1,AlCoCrCuFeMnNi,FCC+BCC+Im,,,,,1005.0,,,doi.org/10.1016/j.dib.2018.11.111,,,,,,0.14285714285714285,,,,0.14285714285714285,0.14285714285714285,0.14285714285714285,0.14285714285714285,,,,,,0.14285714285714285,,,,,0.14285714285714285,,,,,,,,,,,,,database (1).csv,7.1,183.0,,,,,,,
7-13222426272829-14141414141414-000009_1,AlCoCrCuFeNiTi,FCC+BCC,,,,,1234.0,,,doi.org/10.1016/j.dib.2018.11.111,,,,,,0.14285714285714285,,,,0.14285714285714285,0.14285714285714285,0.14285714285714285,0.14285714285714285,,,,,,,,,,,0.14285714285714285,,,,,,,0.14285714285714285,,,,,,database (1).csv,6.6,,,,,,,,
7-13232426272829-14141414141414-000009_1,AlCoCrCuFeNiV,FCC+BCC,,,,,1469.0,,,doi.org/10.1016/j.dib.2018.11.111,,,,,,0.14285714285714285,,,,0.14285714285714285,0.14285714285714285,0.14285714285714285,0.14285714285714285,,,,,,,,,,,0.14285714285714285,,,,,,,,0.14285714285714285,,,,,database (1).csv,6.9,174.0,,,,,,,
6-132426272829-281414141414-000009_1,Al<sub>2</sub>CoCrCuFeNi,FCC+BCC,,,,,1620.0,,,doi.org/10.1016/j.dib.2018.11.111,,,,,,0.2857142857142857,,,,0.14285714285714285,0.14285714285714285,0.14285714285714285,0.14285714285714285,,,,,,,,,,,0.14285714285714285,,,,,,,,,,,,,database (1).csv,6.3,170.0,,,,,,,
7-13222426272829-00099181818189-000009_1,Al<sub>0.5</sub>CoCrCu<sub>0.5</sub>FeNiTi<sub>0.5</sub>,FCC+BCC,,,,,1580.0,,,doi.org/10.1016/j.dib.2018.11.111,,,,,,0.09090909090909091,,,,0.18181818181818182,0.18181818181818182,0.09090909090909091,0.18181818181818182,,,,,,,,,,,0.18181818181818182,,,,,,,0.09090909090909091,,,,,,database (1).csv,7.1,,,,,,,,
7-13222426272829-00139181818184-000009_1,Al<sub>0.75</sub>CoCrCu<sub>0.25</sub>FeNiTi<sub>0.5</sub>,FCC+BCC,,,,,1900.0,,,doi.org/10.1016/j.dib.2018.11.111,,,,,,0.13636363636363635,,,,0.18181818181818182,0.18181818181818182,0.045454545454545456,0.18181818181818182,,,,,,,,,,,0.18181818181818182,,,,,,,0.09090909090909091,,,,,,database (1).csv,6.8,,,,,,,,
5-1322262729-2222152020-000009_1,Al<sub>1.125</sub>CuFe<sub>0.75</sub>NiTi<sub>1.125</sub>,FCC,,,,,980.0,,,doi.org/10.1016/j.dib.2018.11.111,,,,,,0.225,,,,,,0.2,0.15,,,,,,,,,,,0.2,,,,,,,0.225,,,,,,database (1).csv,5.9,178.0,,,,,,,
5-1322262729-2222152020-000009_2,Al<sub>22.5</sub>Cu<sub>20</sub>Fe<sub>15</sub>Ni<sub>20</sub>Ti<sub>22.5</sub>,FCC,,,,,980.0,,,doi.org/10.1016/j.dib.2018.11.111,,,,,,0.225,,,,,,0.2,0.15,,,,,,,,,,,0.2,,,,,,,0.225,,,,,,database (1).csv,5.9,140.0,,,,,,,
5-1322262729-2020202020-000009_1,AlCuFeNiTi,FCC,,,,,1074.0,,,doi.org/10.1016/j.dib.2018.11.111,,,,,,0.2,,,,,,0.2,0.2,,,,,,,,,,,0.2,,,,,,,0.2,,,,,,database (1).csv,6.1,140.0,,,,,,,
8-2223242526272829-1212121212121212-000009_1,CoCrCuFeMnNiTiV,FCC+BCC+Im,,,,,1312.0,,,doi.org/10.1016/j.dib.2018.11.111,,,,,,,,,,0.125,0.125,0.125,0.125,,,,,,0.125,,,,,0.125,,,,,,,0.125,0.125,,,,,database (1).csv,7.3,,,,,,,,
9-132223242526272829-000000005855555555-000009_1,Al<sub>11.1</sub>(CoCrCuFeMnNiTiV),FCC+BCC,,,,,1862.0,,,doi.org/10.1016/j.dib.2018.11.111,,,,,,0.5811518324607329,,,,0.05235602094240837,0.05235602094240837,0.05235602094240837,0.05235602094240837,,,,,,0.05235602094240837,,,,,0.05235602094240837,,,,,,,0.05235602094240837,0.05235602094240837,,,,,database (1).csv,6.7,,,,,,,,
9-132223242526272829-000000007133333333-000009_1,Al<sub>20</sub>(CoCrCuFeMnNiTiV)<sub>80</sub>,BCC,,,,,1465.0,,,doi.org/10.1016/j.dib.2018.11.111,,,,,,0.7142857142857143,,,,0.03571428571428571,0.03571428571428571,0.03571428571428571,0.03571428571428571,,,,,,0.03571428571428571,,,,,0.03571428571428571,,,,,,,0.03571428571428571,0.03571428571428571,,,,,database (1).csv,6.1,,,,,,,,
9-132223242526272829-000000008322222222-000009_1,Al<sub>40</sub>(CoCrCuFeMnNiTiV)<sub>60</sub>,BCC+Im,,,,,1461.0,,,doi.org/10.1016/j.dib.2018.11.111,,,,,,0.8333333333333334,,,,0.020833333333333332,0.020833333333333332,0.020833333333333332,0.020833333333333332,,,,,,0.020833333333333332,,,,,0.020833333333333332,,,,,,,0.020833333333333332,0.020833333333333332,,,,,database (1).csv,5.1,,,,,,,,
9-132223242526272829-011212121212121212-000013_1,Al<sub>0.125</sub>Co<sub>1</sub>Cr<sub>1</sub>Cu<sub>1</sub>Fe<sub>1</sub>Mn<sub>1</sub>Ni<sub>1</sub>Ti<sub>1</sub>V<sub>1</sub>,Unknown,,,,,1862.0,,,10.1038/s41597-020-00768-9,,,,,,0.015384615384615385,,,,0.12307692307692308,0.12307692307692308,0.12307692307692308,0.12307692307692308,,,,,,0.12307692307692308,,,,,0.12307692307692308,,,,,,,0.12307692307692308,0.12307692307692308,,,,,database (1).csv,,,,,,,,,
6-132426272829-091818181818-000057_1,Al<sub>0.5</sub>CoCrCuFeNi,FCC,,,,,400.0,,,10.1016/j.jallcom.2013.08.176,,,,,,0.09090909090909091,,,,0.18181818181818182,0.18181818181818182,0.18181818181818182,0.18181818181818182,,,,,,,,,,,0.18181818181818182,,,,,,,,,,,,,database (1).csv,,,,,,,,,
6-132426272829-091818181818-000057_2,Al<sub>0.5</sub>CoCrCuFeNi,FCC,,,,,1400.0,,,10.1016/j.jallcom.2013.08.176,,,,,,0.09090909090909091,,,,0.18181818181818182,0.18181818181818182,0.18181818181818182,0.18181818181818182,,,,,,,,,,,0.18181818181818182,,,,,,,,,,,,,database (1).csv,,,,,,,,,
6-132426272829-091818181818-000057_3,Al<sub>0.5</sub>CoCrCuFeNi,FCC,,,,,380.0,,,10.1016/j.jallcom.2013.08.176,,,,,,0.09090909090909091,,,,0.18181818181818182,0.18181818181818182,0.18181818181818182,0.18181818181818182,,,,,,,,,,,0.18181818181818182,,,,,,,,,,,,,database (1).csv,,,150.0,70.0,,,,,
6-132426272829-161616161616-000057_1,AlCoCrCuFeNi,FCC + BCC,,,,,950.0,,,10.1016/j.jallcom.2013.08.176,,,,,,0.16666666666666666,,,,0.16666666666666666,0.16666666666666666,0.16666666666666666,0.16666666666666666,,,,,,,,,,,0.16666666666666666,,,,,,,,,,,,,database (1).csv,,,,,,,,,
6-132426272829-161616161616-000057_2,AlCoCrCuFeNi,BCC + FCC,,,,,515.0,,,10.1016/j.jallcom.2013.08.176,,,,,,0.16666666666666666,,,,0.16666666666666666,0.16666666666666666,0.16666666666666666,0.16666666666666666,,,,,,,,,,,0.16666666666666666,,,,,,,,,,,,,database (1).csv,,,369.0,,,,,,
6-132426272829-161616161616-000057_3,AlCoCrCuFeNi,FCC + BCC,,,,,1850.0,,,10.1016/j.jallcom.2013.08.176,,,,,,0.16666666666666666,,,,0.16666666666666666,0.16666666666666666,0.16666666666666666,0.16666666666666666,,,,,,,,,,,0.16666666666666666,,,,,,,,,,,,,database (1).csv,,,930.0,,,,,,
6-132426272829-161616161616-000057_6,AlCoCrCuFeNi,FCC + BCC,,,,,950.0,,,10.1016/j.jallcom.2013.08.176,,,,,,0.16666666666666666,,,,0.16666666666666666,0.16666666666666666,0.16666666666666666,0.16666666666666666,,,,,,,,,,,0.16666666666666666,,,,,,,,,,,,,database (1).csv,,,50.0,,,,,,
6-132426272829-201515151515-000057_1,Al<sub>1.3</sub>CoCrCuFeNi,BCC + FCC,,,,,1620.0,,,10.1016/j.jallcom.2013.08.176,,,,,,0.20634920634920637,,,,0.15873015873015872,0.15873015873015872,0.15873015873015872,0.15873015873015872,,,,,,,,,,,0.15873015873015872,,,,,,,,,,,,,database (1).csv,,,,,,,,,
6-132426272829-281414141414-000057_1,Al<sub>2</sub>CoCrCuFeNi,FCC + BCC,,,,,1620.0,,,10.1016/j.jallcom.2013.08.176,,,,,,0.2857142857142857,,,,0.14285714285714285,0.14285714285714285,0.14285714285714285,0.14285714285714285,,,,,,,,,,,0.14285714285714285,,,,,,,,,,,,,database (1).csv,,,,,,,,,
6-132426272829-281414141414-000057_2,Al<sub>2</sub>CoCrCuFeNi,FCC + BCC,,,,,1600.0,,,10.1016/j.jallcom.2013.08.176,,,,,,0.2857142857142857,,,,0.14285714285714285,0.14285714285714285,0.14285714285714285,0.14285714285714285,,,,,,,,,,,0.14285714285714285,,,,,,,,,,,,,database (1).csv,,,120.0,90.0,,,,,
6-132426272829-081818181818-000057_1,Al<sub>0.45</sub>CoCrCuFeNi,Unknown,,,,,335.0,,,10.1016/j.jallcom.2013.08.176,,,,,,0.08256880733944955,,,,0.18348623853211007,0.18348623853211007,0.18348623853211007,0.18348623853211007,,,,,,,,,,,0.18348623853211007,,,,,,,,,,,,,database (1).csv,7.403,,,,,,,,
6-132426272829-161616161616-000057_1,AlCoCrCuFeNi,Unknown,,,,,332.0,,,10.1016/j.jallcom.2013.08.176,,,,,,0.16666666666666666,,,,0.16666666666666666,0.16666666666666666,0.16666666666666666,0.16666666666666666,,,,,,,,,,,0.16666666666666666,,,,,,,,,,,,,database (1).csv,7.526,,,,,,,,
6-132426272829-331313131313-000057_1,Al<sub>2.5</sub>CoCrCuFeNi,Unknown,,,,,285.0,,,10.1016/j.jallcom.2013.08.176,,,,,,0.3333333333333333,,,,0.13333333333333333,0.13333333333333333,0.13333333333333333,0.13333333333333333,,,,,,,,,,,0.13333333333333333,,,,,,,,,,,,,database (1).csv,6.506,,,,,,,,
6-132426272829-501010101010-000057_1,Al<sub>5</sub>CoCrCuFeNi,Unknown,,,,,344.0,,,10.1016/j.jallcom.2013.08.176,,,,,,0.5,,,,0.1,0.1,0.1,0.1,,,,,,,,,,,0.1,,,,,,,,,,,,,database (1).csv,5.62,,,,,,,,
6-132426272829-091818181818-000079_1,Al<sub>0.5</sub>CoCrCuFeNi,FCC-1 + FCC-2,,,,,1284.0,,,10.1016/j.actamat.2015.07.004,,,,,,0.09090909090909091,,,,0.18181818181818182,0.18181818181818182,0.18181818181818182,0.18181818181818182,,,,,,,,,,,0.18181818181818182,,,,,,,,,,,,,database (1).csv,,,,,,,,,
6-222426272829-131717171717-000080_1,CrFeCoNiCuTi<sub>0.8</sub>,Unknown,,,,,1042.0,,,10.1016/j.matdes.2015.06.072,,,,,,,,,,0.1724137931034483,0.1724137931034483,0.1724137931034483,0.1724137931034483,,,,,,,,,,,0.1724137931034483,,,,,,,0.13793103448275862,,,,,,database (1).csv,7.58,,,,,,,,
6-222426272829-091818181818-000080_1,CrFeCoNiCuTi<sub>0.5</sub>,Unknown,,,,,700.0,,,10.1016/j.matdes.2015.06.072,,,,,,,,,,0.18181818181818182,0.18181818181818182,0.18181818181818182,0.18181818181818182,,,,,,,,,,,0.18181818181818182,,,,,,,0.09090909090909091,,,,,,database (1).csv,7.82,,,,,,,,
5-2426272829-2020202020-000080_1,CrFeCoNiCu,Unknown,,,,,230.0,,,10.1016/j.matdes.2015.06.072,,,,,,,,,,0.2,0.2,0.2,0.2,,,,,,,,,,,0.2,,,,,,,,,,,,,database (1).csv,8.33,,,,,,,,
6-132426272829-161616161616-000080_1,AlCrFeCoNiCu,Unknown,,,,,1303.0,,,10.1016/j.matdes.2015.06.072,,,,,,0.16666666666666666,,,,0.16666666666666666,0.16666666666666666,0.16666666666666666,0.16666666666666666,,,,,,,,,,,0.16666666666666666,,,,,,,,,,,,,database (1).csv,7.07,,,,,,,,
7-13232426272829-14141414141414-000080_1,AlCrFeCoNiCuV,Unknown,,,,,1469.0,,,10.1016/j.matdes.2015.06.072,,,,,,0.14285714285714285,,,,0.14285714285714285,0.14285714285714285,0.14285714285714285,0.14285714285714285,,,,,,,,,,,0.14285714285714285,,,,,,,,0.14285714285714285,,,,,database (1).csv,6.92,,,,,,,,
7-13222426272829-00178171717174-000080_1,Cu<sub>0.25</sub>AlCoCrFeNiTi<sub>0.5</sub>,Unknown,,,,,1994.0,,,10.1016/j.matdes.2015.06.072,,,,,,0.17391304347826086,,,,0.17391304347826086,0.17391304347826086,0.043478260869565216,0.17391304347826086,,,,,,,,,,,0.17391304347826086,,,,,,,0.08695652173913043,,,,,,database (1).csv,6.54,,,,,,,,
6-132426272829-161616161616-000086_1,AlCoCrCuFeNi,Unknown,,,,,1300.0,,,10.1016/j.jallcom.2010.03.074,,,,,,0.16666666666666666,,,,0.16666666666666666,0.16666666666666666,0.16666666666666666,0.16666666666666666,,,,,,,,,,,0.16666666666666666,,,,,,,,,,,,,database (1).csv,,,,,,,,,
7-13242627282942-01616161616163-000086_1,AlCoCrCuFeNiMo<sub>0.2</sub>,Unknown,,,,,1420.0,,,10.1016/j.jallcom.2010.03.074,,,,,,0.16129032258064516,,,,0.16129032258064516,0.16129032258064516,0.16129032258064516,0.16129032258064516,,,,,,,0.03225806451612903,,,,0.16129032258064516,,,,,,,,,,,,,database (1).csv,,,,,,,,,
7-13242627282942-01515151515156-000086_1,AlCoCrCuFeNiMo<sub>0.4</sub>,Unknown,,,,,1690.0,,,10.1016/j.jallcom.2010.03.074,,,,,,0.15625,,,,0.15625,0.15625,0.15625,0.15625,,,,,,,0.0625,,,,0.15625,,,,,,,,,,,,,database (1).csv,,,,,,,,,
7-13242627282942-01515151515159-000086_1,AlCoCrCuFeNiMo<sub>0.6</sub>,Unknown,,,,,1880.0,,,10.1016/j.jallcom.2010.03.074,,,,,,0.15151515151515152,,,,0.15151515151515152,0.15151515151515152,0.15151515151515152,0.15151515151515152,,,,,,,0.09090909090909091,,,,0.15151515151515152,,,,,,,,,,,,,database (1).csv,,,,,,,,,
7-13242627282942-14141414141411-000086_1,AlCoCrCuFeNiMo<sub>0.8</sub>,Unknown,,,,,1920.0,,,10.1016/j.jallcom.2010.03.074,,,,,,0.14705882352941177,,,,0.14705882352941177,0.14705882352941177,0.14705882352941177,0.14705882352941177,,,,,,,0.11764705882352942,,,,0.14705882352941177,,,,,,,,,,,,,database (1).csv,,,,,,,,,
7-13242627282942-14141414141414-000086_1,AlCoCrCuFeNiMo,Unknown,,,,,1750.0,,,10.1016/j.jallcom.2010.03.074,,,,,,0.14285714285714285,,,,0.14285714285714285,0.14285714285714285,0.14285714285714285,0.14285714285714285,,,,,,,0.14285714285714285,,,,0.14285714285714285,,,,,,,,,,,,,database (1).csv,,,,,,,,,
6-222426272829-091818181818-000107_1,CuCoNiFeCrTi<sub>0.5</sub>,Unknown,,,,,1042.0,,,10.1016/j.msea.2012.12.072,,,,,,,,,,0.18181818181818182,0.18181818181818182,0.18181818181818182,0.18181818181818182,,,,,,,,,,,0.18181818181818182,,,,,,,0.09090909090909091,,,,,,database (1).csv,,,,,,,,2.11,C
6-132426272829-161616161616-000107_1,AlCuCoFeNiCr,Unknown,,,,,1303.0,,,10.1016/j.msea.2012.12.072,,,,,,0.16666666666666666,,,,0.16666666666666666,0.16666666666666666,0.16666666666666666,0.16666666666666666,,,,,,,,,,,0.16666666666666666,,,,,,,,,,,,,database (1).csv,,,,,,,,24.0,C
7-13222426272829-14141414141414-000107_1,AlCuCoFeNiCrTi,Unknown,,,,,1234.0,,,10.1016/j.msea.2012.12.072,,,,,,0.14285714285714285,,,,0.14285714285714285,0.14285714285714285,0.14285714285714285,0.14285714285714285,,,,,,,,,,,0.14285714285714285,,,,,,,0.14285714285714285,,,,,,database (1).csv,,,,,,,,9.0,C
7-13242526272829-14141414141414-000107_1,AlCuCoFeNiCrMn,Unknown,,,,,1005.0,,,10.1016/j.msea.2012.12.072,,,,,,0.14285714285714285,,,,0.14285714285714285,0.14285714285714285,0.14285714285714285,0.14285714285714285,,,,,,0.14285714285714285,,,,,0.14285714285714285,,,,,,,,,,,,,database (1).csv,,,,,,,,15.0,C
7-13232426272829-14141414141414-000107_1,AlCuCoFeNiCrV,Unknown,,,,,1469.0,,,10.1016/j.msea.2012.12.072,,,,,,0.14285714285714285,,,,0.14285714285714285,0.14285714285714285,0.14285714285714285,0.14285714285714285,,,,,,,,,,,0.14285714285714285,,,,,,,,0.14285714285714285,,,,,database (1).csv,,,,,,,,16.0,C
7-13222426272829-01216161616164-000107_1,TiCrFeCoNiAl<sub>0.75</sub>Cu<sub>0.25</sub>,Unknown,,,,,1900.0,,,10.1016/j.msea.2012.12.072,,,,,,0.125,,,,0.16666666666666666,0.16666666666666666,0.041666666666666664,0.16666666666666666,,,,,,,,,,,0.16666666666666666,,,,,,,0.16666666666666666,,,,,,database (1).csv,,,,,,,,12.0,C
7-13242627282942-01515151515159-000107_1,AlCuCoFeNiCrMo<sub>0.6</sub>,Unknown,,,,,1880.0,,,10.1016/j.msea.2012.12.072,,,,,,0.15151515151515152,,,,0.15151515151515152,0.15151515151515152,0.15151515151515152,0.15151515151515152,,,,,,,0.09090909090909091,,,,0.15151515151515152,,,,,,,,,,,,,database (1).csv,,,,,,,,1.4,C
7-13222426272829-00168161616168-000107_1,AlCoNiFeCrTi<sub>0.5</sub>Cu<sub>0.5</sub>,Unknown,,,,,1984.0,,,10.1016/j.msea.2012.12.072,,,,,,0.16666666666666666,,,,0.16666666666666666,0.16666666666666666,0.08333333333333333,0.16666666666666666,,,,,,,,,,,0.16666666666666666,,,,,,,0.08333333333333333,,,,,,database (1).csv,,,,,,,,6.04,C
6-222426272829-091818181818-000109_1,CuCoFeNiCrTi<sub>0.5</sub>,Unknown,,,,,700.0,,,10.1016/j.matdes.2012.08.048,,,,,,,,,,0.18181818181818182,0.18181818181818182,0.18181818181818182,0.18181818181818182,,,,,,,,,,,0.18181818181818182,,,,,,,0.09090909090909091,,,,,,database (1).csv,,,,,,,,21.6,C
6-132426272829-161616161616-000109_1,CuCoFeNiCrAl,Unknown,,,,,1030.0,,,10.1016/j.matdes.2012.08.048,,,,,,0.16666666666666666,,,,0.16666666666666666,0.16666666666666666,0.16666666666666666,0.16666666666666666,,,,,,,,,,,0.16666666666666666,,,,,,,,,,,,,database (1).csv,,,,,,,,24.0,C
7-13222426272829-14141414141414-000109_1,CuCoFeNiCrAlTi,Unknown,,,,,1230.0,,,10.1016/j.matdes.2012.08.048,,,,,,0.14285714285714285,,,,0.14285714285714285,0.14285714285714285,0.14285714285714285,0.14285714285714285,,,,,,,,,,,0.14285714285714285,,,,,,,0.14285714285714285,,,,,,database (1).csv,,,,,,,,9.0,C
7-13242526272829-14141414141414-000109_1,CuCoFeNiCrAlMn,Unknown,,,,,1000.0,,,10.1016/j.matdes.2012.08.048,,,,,,0.14285714285714285,,,,0.14285714285714285,0.14285714285714285,0.14285714285714285,0.14285714285714285,,,,,,0.14285714285714285,,,,,0.14285714285714285,,,,,,,,,,,,,database (1).csv,,,,,,,,15.0,C
7-13232426272829-14141414141414-000109_1,CuCoFeNiCrAlV,Unknown,,,,,1470.0,,,10.1016/j.matdes.2012.08.048,,,,,,0.14285714285714285,,,,0.14285714285714285,0.14285714285714285,0.14285714285714285,0.14285714285714285,,,,,,,,,,,0.14285714285714285,,,,,,,,0.14285714285714285,,,,,database (1).csv,,,,,,,,16.0,C
7-13222426272829-00168161616168-000109_1,Cu<sub>0.5</sub>CoCrFeNiAlTi<sub>0.5</sub>,Unknown,,,,,1980.0,,,10.1016/j.matdes.2012.08.048,,,,,,0.16666666666666666,,,,0.16666666666666666,0.16666666666666666,0.08333333333333333,0.16666666666666666,,,,,,,,,,,0.16666666666666666,,,,,,,0.08333333333333333,,,,,,database (1).csv,,,,,,,,6.0,C
7-13242627282942-01515151515156-000109_1,CuCoFeNiCrAlMo<sub>0.4</sub>,Unknown,,,,,1690.0,,,10.1016/j.matdes.2012.08.048,,,,,,0.15625,,,,0.15625,0.15625,0.15625,0.15625,,,,,,,0.0625,,,,0.15625,,,,,,,,,,,,,database (1).csv,,,,,,,,1.5,C
6-132426272829-013191919199-000111_1,FeCrNiCoAl<sub>0.7</sub>Cu<sub>0.5</sub>,FCC,,,,,630.0,,,10.1016/j.msea.2014.01.044,,,,,,0.1346153846153846,,,,0.1923076923076923,0.1923076923076923,0.09615384615384615,0.1923076923076923,,,,,,,,,,,0.1923076923076923,,,,,,,,,,,,,database (1).csv,,,,,,,,42.7,C
6-132426272829-015202020205-000111_1,FeCrNiCoAl<sub>0.75</sub>Cu<sub>0.25</sub>,FCC,,,,,859.0,,,10.1016/j.msea.2014.01.044,,,,,,0.15,,,,0.2,0.2,0.05,0.2,,,,,,,,,,,0.2,,,,,,,,,,,,,database (1).csv,,,,,,,,43.6,C
8-01313222426272829-0013913131313136-000111_1,FeCrNiCoAl<sub>0.7</sub>Cu<sub>0.5</sub>þ<sub>10</sub> vol%TiC,FCC,,,,,1290.0,,,10.1016/j.msea.2014.01.044,,,,,,0.09722222222222221,,0.1388888888888889,,0.1388888888888889,0.1388888888888889,0.06944444444444445,0.1388888888888889,,,,,,,,,,,0.1388888888888889,,,,,,,0.1388888888888889,,,,,,database (1).csv,,,,,,,,29.2,C
8-01413222426272829-0141014141414143-000111_1,FeCrNiCoAl<sub>0.75</sub>Cu<sub>0.25</sub>þ<sub>10</sub> vol%TiC,FCC,,,,,1637.0,,,10.1016/j.msea.2014.01.044,,,,,,0.10714285714285714,,0.14285714285714285,,0.14285714285714285,0.14285714285714285,0.03571428571428571,0.14285714285714285,,,,,,,,,,,0.14285714285714285,,,,,,,0.14285714285714285,,,,,,database (1).csv,,,,,,,,31.8,C
6-222426272829-091818181818-000111_1,CoCrCuFeNiTi<sub>0.5</sub>,FCC,,,,,700.0,,,10.1016/j.msea.2014.01.044,,,,,,,,,,0.18181818181818182,0.18181818181818182,0.18181818181818182,0.18181818181818182,,,,,,,,,,,0.18181818181818182,,,,,,,0.09090909090909091,,,,,,database (1).csv,,,,,,,,21.6,C
6-222426272829-131717171717-000111_1,CoCrCuFeNiTi<sub>0.8</sub>,FCC,,,,,1042.0,,,10.1016/j.msea.2014.01.044,,,,,,,,,,0.1724137931034483,0.1724137931034483,0.1724137931034483,0.1724137931034483,,,,,,,,,,,0.1724137931034483,,,,,,,0.13793103448275862,,,,,,database (1).csv,,,,,,,,2.11,C
6-222426272829-161616161616-000111_1,CoCrCuFeNiTi,FCC,,,,,1272.0,,,10.1016/j.msea.2014.01.044,,,,,,,,,,0.16666666666666666,0.16666666666666666,0.16666666666666666,0.16666666666666666,,,,,,,,,,,0.16666666666666666,,,,,,,0.16666666666666666,,,,,,database (1).csv,,,,,,,,1.6,C
9-132223242526272829-111111111111111111-000111_1,AlCrMnFeCoNiCuTiV,FCC,,,,,1862.0,,,10.1016/j.msea.2014.01.044,,,,,,0.1111111111111111,,,,0.1111111111111111,0.1111111111111111,0.1111111111111111,0.1111111111111111,,,,,,0.1111111111111111,,,,,0.1111111111111111,,,,,,,0.1111111111111111,0.1111111111111111,,,,,database (1).csv,,,,,,,,0.95,C
6-132426272829-161616161616-000111_1,AlCrFeCoNiCu,FCC,,,,,1303.0,,,10.1016/j.msea.2014.01.044,,,,,,0.16666666666666666,,,,0.16666666666666666,0.16666666666666666,0.16666666666666666,0.16666666666666666,,,,,,,,,,,0.16666666666666666,,,,,,,,,,,,,database (1).csv,,,,,,,,24.0,C
7-13242526272829-14141414141414-000111_1,AlCrFeCoNiCuMn,FCC,,,,,1005.0,,,10.1016/j.msea.2014.01.044,,,,,,0.14285714285714285,,,,0.14285714285714285,0.14285714285714285,0.14285714285714285,0.14285714285714285,,,,,,0.14285714285714285,,,,,0.14285714285714285,,,,,,,,,,,,,database (1).csv,,,,,,,,15.0,C
7-13222426272829-14141414141414-000111_1,AlCrFeCoNiCuTi,FCC,,,,,1234.0,,,10.1016/j.msea.2014.01.044,,,,,,0.14285714285714285,,,,0.14285714285714285,0.14285714285714285,0.14285714285714285,0.14285714285714285,,,,,,,,,,,0.14285714285714285,,,,,,,0.14285714285714285,,,,,,database (1).csv,,,,,,,,9.0,C
7-13232426272829-14141414141414-000111_1,AlCrFeCoNiCuV,FCC,,,,,1469.0,,,10.1016/j.msea.2014.01.044,,,,,,0.14285714285714285,,,,0.14285714285714285,0.14285714285714285,0.14285714285714285,0.14285714285714285,,,,,,,,,,,0.14285714285714285,,,,,,,,0.14285714285714285,,,,,database (1).csv,,,,,,,,16.0,C
6-132426272829-161616161616-000128_1,AlCoCrCuFeNi,BCC + FCC,,,,,1370.0,,,10.1016/j.msea.2017.02.072,,,,,,0.16666666666666666,,,,0.16666666666666666,0.16666666666666666,0.16666666666666666,0.16666666666666666,,,,,,,,,,,0.16666666666666666,,,,,,,,,,,,,database (1).csv,,,,,,,,12.0,C
6-132426272829-011919191919-000129_1,Al<sub>0.1</sub>CoCrCuFeNi,FCC,,,,,160.0,,,10.1016/j.wear.2017.01.020,,,,,,0.019607843137254905,,,,0.19607843137254904,0.19607843137254904,0.19607843137254904,0.19607843137254904,,,,,,,,,,,0.19607843137254904,,,,,,,,,,,,,database (1).csv,7.45,186.0,,,,,,58.0,T
6-132326272829-021020302018-000143_1,Ni<sub>1.5</sub>CoFeCu<sub>0.9</sub>Al<sub>0.1</sub>V<sub>0.5</sub>,FCC,,,,,1219.0,,,10.1016/j.msea.2017.09.119,,,,,,0.02,,,,0.2,,0.18,0.2,,,,,,,,,,,0.3,,,,,,,,0.1,,,,,database (1).csv,,,,,,,,35.0,C
6-132326272829-041020302016-000143_1,Ni<sub>1.5</sub>CoFeCu<sub>0.8</sub>Al<sub>0.2</sub>V<sub>0.5</sub>,FCC,,,,,1504.0,,,10.1016/j.msea.2017.09.119,,,,,,0.04,,,,0.2,,0.16,0.2,,,,,,,,,,,0.3,,,,,,,,0.1,,,,,database (1).csv,,,,,,,,16.9,C
6-132326272829-061020302014-000143_1,Ni<sub>1.5</sub>CoFeCu<sub>0.7</sub>Al<sub>0.3</sub>V<sub>0.5</sub>,FCC,,,,,1721.0,,,10.1016/j.msea.2017.09.119,,,,,,0.06,,,,0.2,,0.13999999999999999,0.2,,,,,,,,,,,0.3,,,,,,,,0.1,,,,,database (1).csv,,,,,,,,9.0,C
5-1326272829-2020202020-000146_1,AlCoCuFeNi,Unknown,,,,,1060.0,,,10.1016/j.matdes.2016.12.036,,,,,,0.2,,,,0.2,,0.2,0.2,,,,,,,,,,,0.2,,,,,,,,,,,,,database (1).csv,,202.0,,,,,,19.1,C
6-132426272829-161616161616-000146_1,AlCoCuFeNiCr,Unknown,,,,,1285.0,,,10.1016/j.matdes.2016.12.036,,,,,,0.16666666666666666,,,,0.16666666666666666,0.16666666666666666,0.16666666666666666,0.16666666666666666,,,,,,,,,,,0.16666666666666666,,,,,,,,,,,,,database (1).csv,,219.0,,,,,,24.6,C
6-132226272829-161616161616-000146_1,AlCoCuFeNiTi,Unknown,,,,,1612.0,,,10.1016/j.matdes.2016.12.036,,,,,,0.16666666666666666,,,,0.16666666666666666,,0.16666666666666666,0.16666666666666666,,,,,,,,,,,0.16666666666666666,,,,,,,0.16666666666666666,,,,,,database (1).csv,,231.0,,,,,,12.8,C
7-13222426272829-14141414141414-000146_1,AlCoCuFeNiCrTi,Unknown,,,,,1523.0,,,10.1016/j.matdes.2016.12.036,,,,,,0.14285714285714285,,,,0.14285714285714285,0.14285714285714285,0.14285714285714285,0.14285714285714285,,,,,,,,,,,0.14285714285714285,,,,,,,0.14285714285714285,,,,,,database (1).csv,,239.0,,,,,,8.1,C
5-2426272829-2020202020-000152_1,CoCrCuFeNi,FCC,,,,,320.0,,,10.1016/j.msea.2017.09.102,,,,,,,,,,0.2,0.2,0.2,0.2,,,,,,,,,,,0.2,,,,,,,,,,,,,database (1).csv,,,,,,,,60.0,C
6-242627282964-019191919190-000152_1,Gd<sub>0.05</sub>CoCrCuFeNi,FCC,,,,,300.0,,,10.1016/j.msea.2017.09.102,,,,,,,,,,0.19801980198019803,0.19801980198019803,0.19801980198019803,0.19801980198019803,,,,,,,,,,,0.19801980198019803,,,,,,,,,,,,,database (1).csv,,,,,,,,60.0,C
6-242627282964-019191919191-000152_1,Gd<sub>0.1</sub>CoCrCuFeNi,FCC,,,,,526.0,,,10.1016/j.msea.2017.09.102,,,,,,,,,,0.19607843137254904,0.19607843137254904,0.19607843137254904,0.19607843137254904,,,,,,,,,,,0.19607843137254904,,,,,,,,,,,,,database (1).csv,,,,,,,,22.9,C
6-242627282964-019191919193-000152_1,Gd<sub>0.2</sub>CoCrCuFeNi,FCC,,,,,739.0,,,10.1016/j.msea.2017.09.102,,,,,,,,,,0.1923076923076923,0.1923076923076923,0.1923076923076923,0.1923076923076923,,,,,,,,,,,0.1923076923076923,,,,,,,,,,,,,database (1).csv,,,,,,,,16.6,C
6-242627282964-018181818185-000152_1,Gd<sub>0.3</sub>CoCrCuFeNi,FCC,,,,,1132.0,,,10.1016/j.msea.2017.09.102,,,,,,,,,,0.18867924528301888,0.18867924528301888,0.18867924528301888,0.18867924528301888,,,,,,,,,,,0.18867924528301888,,,,,,,,,,,,,database (1).csv,,,,,,,,12.8,C
4-13242629-25252525-000154_1,AlFeCuCr,Unknown,,,,,1950.0,,,10.1007/s1254 0-019-00565 -z,,,,,,0.25,,,,,0.25,0.25,0.25,,,,,,,,,,,,,,,,,,,,,,,,database (1).csv,,,,,,,,,
5-1213242629-1122222222-000154_1,AlFeCuCrMg<sub>0.5</sub>,Unknown,,,,,2559.0,,,10.1007/s1254 0-019-00565 -z,,,,,,0.2222222222222222,,,,,0.2222222222222222,0.2222222222222222,0.2222222222222222,,,,,0.1111111111111111,,,,,,,,,,,,,,,,,,,database (1).csv,,,,,,,,,
5-1213242629-2020202020-000154_1,AlFeCuCrMg,Unknown,,,,,2220.0,,,10.1007/s1254 0-019-00565 -z,,,,,,0.2,,,,,0.2,0.2,0.2,,,,,0.2,,,,,,,,,,,,,,,,,,,database (1).csv,,,,,,,,,
5-1213242629-2718181818-000154_1,AlFeCuCrMg<sub>1.5</sub>,Unknown,,,,,1559.0,,,10.1007/s1254 0-019-00565 -z,,,,,,0.18181818181818182,,,,,0.18181818181818182,0.18181818181818182,0.18181818181818182,,,,,0.2727272727272727,,,,,,,,,,,,,,,,,,,database (1).csv,,,,,,,,,
5-2526272829-2020202020-000162_1,FeMnNiCoCu,Unknown,,,,,499.0,,,10.1016/j.matdes.2018.07.046,,,,,,,,,,0.2,,0.2,0.2,,,,,,0.2,,,,,0.2,,,,,,,,,,,,,database (1).csv,,189.6,,,75.29,,,,
6-132426272829-161616161616-000174_1,AlCrCuNiFeCo,Unknown,,,,,18.0,,,10.1016/j.matchemphys.2017.07.079,,,,,,0.16666666666666666,,,,0.16666666666666666,0.16666666666666666,0.16666666666666666,0.16666666666666666,,,,,,,,,,,0.16666666666666666,,,,,,,,,,,,,database (1).csv,,,,,,,,860.0,T
6-222426272829-091818181818-000177_1,CoCrCuFeNiTi<sub>0.5</sub>,Unknown,,,,,700.0,,,10.1016/j.msea.2018.09.050,,,,,,,,,,0.18181818181818182,0.18181818181818182,0.18181818181818182,0.18181818181818182,,,,,,,,,,,0.18181818181818182,,,,,,,0.09090909090909091,,,,,,database (1).csv,,,,,,,,21.6,C
6-222426272829-131717171717-000177_1,CoCrCuFeNiTi<sub>0.8</sub>,Unknown,,,,,1042.0,,,10.1016/j.msea.2018.09.050,,,,,,,,,,0.1724137931034483,0.1724137931034483,0.1724137931034483,0.1724137931034483,,,,,,,,,,,0.1724137931034483,,,,,,,0.13793103448275862,,,,,,database (1).csv,,,,,,,,2.11,C
6-222426272829-161616161616-000177_1,CoCrCuFeNiTi,Unknown,,,,,1272.0,,,10.1016/j.msea.2018.09.050,,,,,,,,,,0.16666666666666666,0.16666666666666666,0.16666666666666666,0.16666666666666666,,,,,,,,,,,0.16666666666666666,,,,,,,0.16666666666666666,,,,,,database (1).csv,,,,,,,,1.6,C
6-242627282964-019191919191-000177_1,CoCrCuFeNiGd<sub>0.1</sub>,Unknown,,,,,526.0,,,10.1016/j.msea.2018.09.050,,,,,,,,,,0.19607843137254904,0.19607843137254904,0.19607843137254904,0.19607843137254904,,,,,,,,,,,0.19607843137254904,,,,,,,,,,,,,database (1).csv,,,,,,,,22.9,C
6-242627282964-019191919193-000177_1,CoCrCuFeNiGd<sub>0.2</sub>,Unknown,,,,,739.0,,,10.1016/j.msea.2018.09.050,,,,,,,,,,0.1923076923076923,0.1923076923076923,0.1923076923076923,0.1923076923076923,,,,,,,,,,,0.1923076923076923,,,,,,,,,,,,,database (1).csv,,,,,,,,16.6,C
6-242627282964-018181818185-000177_1,CoCrCuFeNiGd<sub>0.3</sub>,Unknown,,,,,1132.0,,,10.1016/j.msea.2018.09.050,,,,,,,,,,0.18867924528301888,0.18867924528301888,0.18867924528301888,0.18867924528301888,,,,,,,,,,,0.18867924528301888,,,,,,,,,,,,,database (1).csv,,,,,,,,12.8,C
7-13222426272829-00178171717174-000185_1,Cu<sub>0.25</sub>AlCoCrFeNiTi<sub>0.5</sub>,BCC,,,,,1994.0,,,10.1016/j.intermet.2018.09.011,,,,,,0.17391304347826086,,,,0.17391304347826086,0.17391304347826086,0.043478260869565216,0.17391304347826086,,,,,,,,,,,0.17391304347826086,,,,,,,0.08695652173913043,,,,,,database (1).csv,,,,,,,,9.05,C
6-132426272829-161616161616-000194_1,AlCoCrCuFeNi,Unknown,,,,,1300.0,,,10.1016/j.jallcom.2018.01.247,,,,,,0.16666666666666666,,,,0.16666666666666666,0.16666666666666666,0.16666666666666666,0.16666666666666666,,,,,,,,,,,0.16666666666666666,,,,,,,,,,,,,database (1).csv,,,,,,,,9.9,C
7-13242627282942-01616161616163-000194_1,AlCoCrCuFeMo<sub>0.2</sub>Ni,Unknown,,,,,1420.0,,,10.1016/j.jallcom.2018.01.247,,,,,,0.16129032258064516,,,,0.16129032258064516,0.16129032258064516,0.16129032258064516,0.16129032258064516,,,,,,,0.03225806451612903,,,,0.16129032258064516,,,,,,,,,,,,,database (1).csv,,,,,,,,3.5,C
7-13242627282942-01515151515156-000194_1,AlCoCrCuFeMo<sub>0.4</sub>Ni,Unknown,,,,,1690.0,,,10.1016/j.jallcom.2018.01.247,,,,,,0.15625,,,,0.15625,0.15625,0.15625,0.15625,,,,,,,0.0625,,,,0.15625,,,,,,,,,,,,,database (1).csv,,,,,,,,1.5,C
7-13242627282942-01515151515159-000194_1,AlCoCrCuFeMo<sub>0.6</sub>Ni,Unknown,,,,,1880.0,,,10.1016/j.jallcom.2018.01.247,,,,,,0.15151515151515152,,,,0.15151515151515152,0.15151515151515152,0.15151515151515152,0.15151515151515152,,,,,,,0.09090909090909091,,,,0.15151515151515152,,,,,,,,,,,,,database (1).csv,,,,,,,,1.4,C
7-13242627282942-14141414141411-000194_1,AlCoCrCuFeMo<sub>0.8</sub>Ni,Unknown,,,,,1920.0,,,10.1016/j.jallcom.2018.01.247,,,,,,0.14705882352941177,,,,0.14705882352941177,0.14705882352941177,0.14705882352941177,0.14705882352941177,,,,,,,0.11764705882352942,,,,0.14705882352941177,,,,,,,,,,,,,database (1).csv,,,,,,,,1.2,C
7-13242627282942-14141414141414-000194_1,AlCoCrCuFeMoNi,Unknown,,,,,1750.0,,,10.1016/j.jallcom.2018.01.247,,,,,,0.14285714285714285,,,,0.14285714285714285,0.14285714285714285,0.14285714285714285,0.14285714285714285,,,,,,,0.14285714285714285,,,,0.14285714285714285,,,,,,,,,,,,,database (1).csv,,,,,,,,1.1,C
6-222426272829-091818181818-000194_1,CoCrCuFeNiTi<sub>0.5</sub>,Unknown,,,,,700.0,,,10.1016/j.jallcom.2018.01.247,,,,,,,,,,0.18181818181818182,0.18181818181818182,0.18181818181818182,0.18181818181818182,,,,,,,,,,,0.18181818181818182,,,,,,,0.09090909090909091,,,,,,database (1).csv,,,,,,,,21.6,C
6-222426272829-131717171717-000194_1,CoCrCuFeNiTi<sub>0.8</sub>,Unknown,,,,,1042.0,,,10.1016/j.jallcom.2018.01.247,,,,,,,,,,0.1724137931034483,0.1724137931034483,0.1724137931034483,0.1724137931034483,,,,,,,,,,,0.1724137931034483,,,,,,,0.13793103448275862,,,,,,database (1).csv,,,,,,,,2.11,C
6-222426272829-161616161616-000194_1,CoCrCuFeNiTi,Unknown,,,,,1272.0,,,10.1016/j.jallcom.2018.01.247,,,,,,,,,,0.16666666666666666,0.16666666666666666,0.16666666666666666,0.16666666666666666,,,,,,,,,,,0.16666666666666666,,,,,,,0.16666666666666666,,,,,,database (1).csv,,,,,,,,0.0,C
5-1326272829-2020202020-000209_1,FeCoNi(CuAl)<sub>0.8</sub>,FCC,,,,,601.0,,,10.1016/j.jallcom.2018.02.189,,,,,,0.2,,,,0.2,,0.2,0.2,,,,,,,,,,,0.2,,,,,,,,,,,,,database (1).csv,,,,,,,,37.2,C
6-132627282931-019191919190-000209_1,FeCoNi(CuAl)<sub>0.8</sub>Ga<sub>0.02</sub>,FCC,,,,,803.0,,,10.1016/j.jallcom.2018.02.189,,,,,,0.19920318725099603,,,,0.19920318725099603,,0.19920318725099603,0.19920318725099603,0.003984063745019921,,,,,,,,,,0.19920318725099603,,,,,,,,,,,,,database (1).csv,,,,,,,,39.4,C
6-132627282931-019191919190-000209_2,FeCoNi(CuAl)<sub>0.8</sub>Ga<sub>0.04</sub>,FCC,,,,,886.0,,,10.1016/j.jallcom.2018.02.189,,,,,,0.1984126984126984,,,,0.1984126984126984,,0.1984126984126984,0.1984126984126984,0.007936507936507936,,,,,,,,,,0.1984126984126984,,,,,,,,,,,,,database (1).csv,,,,,,,,28.9,C
6-132627282931-019191919191-000209_1,FeCoNi(CuAl)<sub>0.8</sub>Ga<sub>0.06</sub>,FCC,,,,,993.0,,,10.1016/j.jallcom.2018.02.189,,,,,,0.19762845849802374,,,,0.19762845849802374,,0.19762845849802374,0.19762845849802374,0.011857707509881424,,,,,,,,,,0.19762845849802374,,,,,,,,,,,,,database (1).csv,,,,,,,,23.6,C
6-132627282931-019191919191-000209_2,FeCoNi(CuAl)<sub>0.8</sub>Ga<sub>0.08</sub>,FCC,,,,,1176.0,,,10.1016/j.jallcom.2018.02.189,,,,,,0.19685039370078738,,,,0.19685039370078738,,0.19685039370078738,0.19685039370078738,0.015748031496062992,,,,,,,,,,0.19685039370078738,,,,,,,,,,,,,database (1).csv,,,,,,,,16.5,C
5-2526272829-2020202020-000216_1,CoCuFeMnNi,FCC,,,,,342.0,,,10.1016/j.matdes.2018.01.045,,,,,,,,,,0.2,,0.2,0.2,,,,,,0.2,,,,,0.2,,,,,,,,,,,,,database (1).csv,8.39,,,,,,,38.0,T
5-1326272829-0724242417-000216_1,Al<sub>8</sub>Co<sub>25</sub>Cu<sub>18</sub>Fe<sub>25</sub>Ni<sub>25</sub>,FCC,,,,,192.0,,,10.1016/j.matdes.2018.01.045,,,,,,0.07920792079207921,,,,0.24752475247524752,,0.1782178217821782,0.24752475247524752,,,,,,,,,,,0.24752475247524752,,,,,,,,,,,,,database (1).csv,7.99,,,,,,,,
6-132426272829-201616161616-000219_1,Al<sub>1.25</sub>CoCrCuFeNi,Unknown,,,,,1350.0,,,10.1016/j.msea.2017.12.084,,,,,,0.2,,,,0.16,0.16,0.16,0.16,,,,,,,,,,,0.16,,,,,,,,,,,,,database (1).csv,,,,,,,,15.3,C
6-132426272829-201616161616-000219_2,Al<sub>1.25</sub>CoCrCuFeNi,Unknown,,,,,1300.0,,,10.1016/j.msea.2017.12.084,,,,,,0.2,,,,0.16,0.16,0.16,0.16,,,,,,,,,,,0.16,,,,,,,,,,,,,database (1).csv,,,,,,,,6.0,
6-132426272829-201616161616-000219_3,Al<sub>1.25</sub>CoCrCuFeNi,Unknown,,,,,1500.0,,,10.1016/j.msea.2017.12.084,,,,,,0.2,,,,0.16,0.16,0.16,0.16,,,,,,,,,,,0.16,,,,,,,,,,,,,database (1).csv,,,,,,,,12.5,
6-132426272829-201616161616-000219_4,Al<sub>1.25</sub>CoCrCuFeNi,Unknown,,,,,1000.0,,,10.1016/j.msea.2017.12.084,,,,,,0.2,,,,0.16,0.16,0.16,0.16,,,,,,,,,,,0.16,,,,,,,,,,,,,database (1).csv,,,,,,,,20.0,
6-132426272829-201616161616-000219_5,Al<sub>1.25</sub>CoCrCuFeNi,Unknown,,,,,790.0,,,10.1016/j.msea.2017.12.084,,,,,,0.2,,,,0.16,0.16,0.16,0.16,,,,,,,,,,,0.16,,,,,,,,,,,,,database (1).csv,,,,,,,,0.2,T
6-132426272829-201616161616-000219_6,Al<sub>1.25</sub>CoCrCuFeNi,Unknown,,,,,1040.0,,,10.1016/j.msea.2017.12.084,,,,,,0.2,,,,0.16,0.16,0.16,0.16,,,,,,,,,,,0.16,,,,,,,,,,,,,database (1).csv,,,,,,,,1.0,
6-132426272829-201616161616-000219_7,Al<sub>1.25</sub>CoCrCuFeNi,Unknown,,,,,1430.0,,,10.1016/j.msea.2017.12.084,,,,,,0.2,,,,0.16,0.16,0.16,0.16,,,,,,,,,,,0.16,,,,,,,,,,,,,database (1).csv,,,,,,,,29.6,
6-132426272829-201616161616-000219_8,Al<sub>1.25</sub>CoCrCuFeNi,Unknown,,,,,2050.0,,,10.1016/j.msea.2017.12.084,,,,,,0.2,,,,0.16,0.16,0.16,0.16,,,,,,,,,,,0.16,,,,,,,,,,,,,database (1).csv,,,,,,,,4.5,
6-132426272829-201616161616-000219_9,Al<sub>1.25</sub>CoCrCuFeNi,Unknown,,,,,1900.0,,,10.1016/j.msea.2017.12.084,,,,,,0.2,,,,0.16,0.16,0.16,0.16,,,,,,,,,,,0.16,,,,,,,,,,,,,database (1).csv,,,,,,,,7.9,
6-132426272829-201616161616-000219_10,Al<sub>1.25</sub>CoCrCuFeNi,Unknown,,,,,1860.0,,,10.1016/j.msea.2017.12.084,,,,,,0.2,,,,0.16,0.16,0.16,0.16,,,,,,,,,,,0.16,,,,,,,,,,,,,database (1).csv,,,,,,,,10.5,
6-132426272829-201616161616-000219_11,Al<sub>1.25</sub>CoCrCuFeNi,Unknown,,,,,1760.0,,,10.1016/j.msea.2017.12.084,,,,,,0.2,,,,0.16,0.16,0.16,0.16,,,,,,,,,,,0.16,,,,,,,,,,,,,database (1).csv,,,,,,,,17.8,C
6-132426272829-201616161616-000219_12,Al<sub>1.25</sub>CoCrCuFeNi,Unknown,,,,,1200.0,,,10.1016/j.msea.2017.12.084,,,,,,0.2,,,,0.16,0.16,0.16,0.16,,,,,,,,,,,0.16,,,,,,,,,,,,,database (1).csv,,,,,,,,31.6,
6-132426272829-201616161616-000219_13,Al<sub>1.25</sub>CoCrCuFeNi,Unknown,,,,,1200.0,,,10.1016/j.msea.2017.12.084,,,,,,0.2,,,,0.16,0.16,0.16,0.16,,,,,,,,,,,0.16,,,,,,,,,,,,,database (1).csv,,,,,,,,26.3,
6-132426272829-201616161616-000219_14,Al<sub>1.25</sub>CoCrCuFeNi,Unknown,,,,,1020.0,,,10.1016/j.msea.2017.12.084,,,,,,0.2,,,,0.16,0.16,0.16,0.16,,,,,,,,,,,0.16,,,,,,,,,,,,,database (1).csv,,,,,,,,47.4,
7-016132426272829-01621616161616-000221_1,Al<sub>0.15</sub>CoCrCuFeNiC,FCC,,,,,2047.0,,,10.1016/j.jallcom.2018.05.180,,,,,,0.024390243902439022,,0.16260162601626016,,0.16260162601626016,0.16260162601626016,0.16260162601626016,0.16260162601626016,,,,,,,,,,,0.16260162601626016,,,,,,,,,,,,,database (1).csv,7.73,148.3,,,,,,,
8-01313222426272829-0132131313131313-000221_1,Al<sub>0.15</sub>CoCrCuFeNiTiC,FCC+BCC,,,,,2199.0,,,10.1016/j.jallcom.2018.05.180,,,,,,0.020979020979020976,,0.13986013986013984,,0.13986013986013984,0.13986013986013984,0.13986013986013984,0.13986013986013984,,,,,,,,,,,0.13986013986013984,,,,,,,0.13986013986013984,,,,,,database (1).csv,6.87,161.3,,,,,,,
8-01213222426272829-0121241212121212-000221_1,Al<sub>0.15</sub>CoCrCuFeNiTi<sub>2</sub>C,FCC+BCC,,,,,2877.0,,,10.1016/j.jallcom.2018.05.180,,,,,,0.01840490797546012,,0.12269938650306748,,0.12269938650306748,0.12269938650306748,0.12269938650306748,0.12269938650306748,,,,,,,,,,,0.12269938650306748,,,,,,,0.24539877300613497,,,,,,database (1).csv,6.7,179.3,,,,,,,
5-2324252629-0029298291-000233_1,CrMn<sub>0.3</sub>FeVCu<sub>0.06</sub>,FCC+BCC,,,,,1273.0,,,10.1016/j.jmst.2018.02.026,,,,,,,,,,,0.2976190476190476,0.017857142857142856,0.2976190476190476,,,,,,0.08928571428571429,,,,,,,,,,,,,0.2976190476190476,,,,,database (1).csv,,,,,,,,50.7,C
5-2324252629-0272713272-000233_1,CrMn<sub>0.5</sub>FeVCu<sub>0.10</sub>,FCC+BCC,,,,,1087.0,,,10.1016/j.jmst.2018.02.026,,,,,,,,,,,0.2777777777777778,0.02777777777777778,0.2777777777777778,,,,,,0.1388888888888889,,,,,,,,,,,,,0.2777777777777778,,,,,database (1).csv,,,,,,,,49.2,C
5-2324252629-0262618263-000233_1,CrMn<sub>0.7</sub>FeVCu<sub>0.14</sub>,FCC+BCC,,,,,1068.0,,,10.1016/j.jmst.2018.02.026,,,,,,,,,,,0.26041666666666663,0.036458333333333336,0.26041666666666663,,,,,,0.18229166666666663,,,,,,,,,,,,,0.26041666666666663,,,,,database (1).csv,,,,,,,,49.8,C
5-2324252629-0232323234-000233_1,CrMnFeVCu<sub>0.20</sub>,FCC+BCC,,,,,862.0,,,10.1016/j.jmst.2018.02.026,,,,,,,,,,,0.23809523809523808,0.047619047619047616,0.23809523809523808,,,,,,0.23809523809523808,,,,,,,,,,,,,0.23809523809523808,,,,,database (1).csv,,,,,,,,48.7,C
5-2224262930-2020202020-000246_1,CuCrFeTiZn,FCC+BCC,,,,,585.0,,,10.1016/j.wear.2018.05.023,,,,,,,,,,,0.2,0.2,0.2,,,,,,,,,,,,,,,,,,0.2,,,,0.2,,database (1).csv,6.94,241.0,,,,,21.67,,
6-222426293082-101010101050-000246_1,(CuCrFeTiZn)<sub>95</sub>Pb<sub>5</sub>,Multiphase,,,,,440.0,,,10.1016/j.wear.2018.05.023,,,,,,,,,,,0.1,0.1,0.1,,,,,,,,,,,,,,,,,,0.1,,,,0.1,,database (1).csv,7.55,174.0,,,,,13.11,,
6-222426293082-000006666666-000246_1,(CuCrFeTiZn)<sub>90</sub>Pb<sub>10</sub>,Multiphase,,,,,258.0,,,10.1016/j.wear.2018.05.023,,,,,,,,,,,0.06666666666666667,0.06666666666666667,0.06666666666666667,,,,,,,,,,,,,,,,,,0.06666666666666667,,,,0.06666666666666667,,database (1).csv,7.85,144.0,,,,,10.02,,
6-132426272829-161616161616-000262_1,CoCrFeNiCuAl,FCC+BCC,,,,,790.0,,,10.1016/j.intermet.2019.04.014,,,,,,0.16666666666666666,,,,0.16666666666666666,0.16666666666666666,0.16666666666666666,0.16666666666666666,,,,,,,,,,,0.16666666666666666,,,,,,,,,,,,,database (1).csv,,,,,,,,0.2,T
5-2426272829-2020202020-000270_1,CoCrFeNiCu,FCC,,,,,230.0,,,10.1016/j.msea.2019.05.056,,,,,,,,,,0.2,0.2,0.2,0.2,,,,,,,,,,,0.2,,,,,,,,,,,,,database (1).csv,,,,,,,,,
7-13242526272829-14141414141414-000270_1,AlCrFeCoNiCuMn,FCC + BCC,,,,,1005.0,,,10.1016/j.msea.2019.05.056,,,,,,0.14285714285714285,,,,0.14285714285714285,0.14285714285714285,0.14285714285714285,0.14285714285714285,,,,,,0.14285714285714285,,,,,0.14285714285714285,,,,,,,,,,,,,database (1).csv,,,,,,,,,
7-13222426272829-14141414141414-000270_1,AlCrFeCoNiCuTi,BCC1+BCC2+FCC,,,,,1234.0,,,10.1016/j.msea.2019.05.056,,,,,,0.14285714285714285,,,,0.14285714285714285,0.14285714285714285,0.14285714285714285,0.14285714285714285,,,,,,,,,,,0.14285714285714285,,,,,,,0.14285714285714285,,,,,,database (1).csv,,,,,,,,,
5-1326272829-2222112222-000292_1,AlCoCuFeNi<sub>0.5</sub>,BCC+FCC+B2,,,,,929.0,,,10.1016/j.jmst.2018.12.014,,,,,,0.2222222222222222,,,,0.2222222222222222,,0.2222222222222222,0.2222222222222222,,,,,,,,,,,0.1111111111111111,,,,,,,,,,,,,database (1).csv,,,,,,,,13.7,C
5-1326272829-2020162020-000292_1,AlCoCuFeNi<sub>0.8</sub>,BCC+FCC+B2,,,,,1021.0,,,10.1016/j.jmst.2018.12.014,,,,,,0.20833333333333334,,,,0.20833333333333334,,0.20833333333333334,0.20833333333333334,,,,,,,,,,,0.16666666666666669,,,,,,,,,,,,,database (1).csv,,,,,,,,12.3,C
5-1326272829-2020202020-000292_1,AlCoCuFeNi<sub>1.0</sub>,FCC+BCC+B2,,,,,994.0,,,10.1016/j.jmst.2018.12.014,,,,,,0.2,,,,0.2,,0.2,0.2,,,,,,,,,,,0.2,,,,,,,,,,,,,database (1).csv,,,,,,,,24.5,C
5-1326272829-1818271818-000292_1,AlCoCuFeNi<sub>1.5</sub>,FCC+BCC+B2,,,,,680.0,,,10.1016/j.jmst.2018.12.014,,,,,,0.18181818181818182,,,,0.18181818181818182,,0.18181818181818182,0.18181818181818182,,,,,,,,,,,0.2727272727272727,,,,,,,,,,,,,database (1).csv,,,,,,,,35.9,C
5-1326272829-1616331616-000292_1,AlCoCuFeNi<sub>2.0</sub>,FCC+BCC+B2,,,,,544.0,,,10.1016/j.jmst.2018.12.014,,,,,,0.16666666666666666,,,,0.16666666666666666,,0.16666666666666666,0.16666666666666666,,,,,,,,,,,0.3333333333333333,,,,,,,,,,,,,database (1).csv,,,,,,,,,
5-1326272829-1414421414-000292_1,AlCoCuFeNi<sub>3.0</sub>,FCC,,,,,268.0,,,10.1016/j.jmst.2018.12.014,,,,,,0.14285714285714285,,,,0.14285714285714285,,0.14285714285714285,0.14285714285714285,,,,,,,,,,,0.42857142857142855,,,,,,,,,,,,,database (1).csv,,,,,,,,,
6-132426272829-008171733178-000297_1,Al<sub>8</sub>Co<sub>17</sub>Cr<sub>17</sub>Cu<sub>8</sub>Fe<sub>17</sub>Ni<sub>33</sub>,FCC+L12,,,,,357.0,,,10.1016/j.matchar.2018.06.036,,,,,,0.08,,,,0.17,0.17,0.08,0.17,,,,,,,,,,,0.33,,,,,,,,,,,,,database (1).csv,,,,,,,,9.0,T
6-132426272829-008171733178-000297_2,Al<sub>8</sub>Co<sub>17</sub>Cr<sub>17</sub>Cu<sub>8</sub>Fe<sub>17</sub>Ni<sub>33</sub>,FCC+L12,,,,,215.0,,,10.1016/j.matchar.2018.06.036,,,,,,0.08,,,,0.17,0.17,0.08,0.17,,,,,,,,,,,0.33,,,,,,,,,,,,,database (1).csv,,,,,,,,39.0,T
6-132426272829-003181836183-000297_1,Al<sub>4</sub>Co<sub>19</sub>Cr<sub>19</sub>Cu<sub>4</sub>Fe<sub>19</sub>Ni<sub>37</sub>,FCC,,,,,719.0,,,10.1016/j.matchar.2018.06.036,,,,,,0.0392156862745098,,,,0.18627450980392157,0.18627450980392157,0.0392156862745098,0.18627450980392157,,,,,,,,,,,0.3627450980392157,,,,,,,,,,,,,database (1).csv,,,,,,,,30.0,T
6-132426272829-003181836183-000297_2,Al<sub>4</sub>Co<sub>19</sub>Cr<sub>19</sub>Cu<sub>4</sub>Fe<sub>19</sub>Ni<sub>37</sub>,FCC+L12,,,,,460.0,,,10.1016/j.matchar.2018.06.036,,,,,,0.0392156862745098,,,,0.18627450980392157,0.18627450980392157,0.0392156862745098,0.18627450980392157,,,,,,,,,,,0.3627450980392157,,,,,,,,,,,,,database (1).csv,,,,,,,,32.0,T
6-132426272829-008171733178-000297_3,Al<sub>8</sub>Co<sub>17</sub>Cr<sub>17</sub>Cu<sub>8</sub>Fe<sub>17</sub>Ni<sub>33</sub>,FCC+L12+Cr23C6,,,,,357.0,,,10.1016/j.matchar.2018.06.036,,,,,,0.08,,,,0.17,0.17,0.08,0.17,,,,,,,,,,,0.33,,,,,,,,,,,,,database (1).csv,,,,,,,,9.0,T
6-132426272829-008171733178-000297_4,Al<sub>8</sub>Co<sub>17</sub>Cr<sub>17</sub>Cu<sub>8</sub>Fe<sub>17</sub>Ni<sub>33</sub>,FCC+L12+Cr23C6,,,,,365.0,,,10.1016/j.matchar.2018.06.036,,,,,,0.08,,,,0.17,0.17,0.08,0.17,,,,,,,,,,,0.33,,,,,,,,,,,,,database (1).csv,,,,,,,,0.1,T
6-132426272829-008171733178-000297_5,Al<sub>8</sub>Co<sub>17</sub>Cr<sub>17</sub>Cu<sub>8</sub>Fe<sub>17</sub>Ni<sub>33</sub>,FCC+L12,,,,,215.0,,,10.1016/j.matchar.2018.06.036,,,,,,0.08,,,,0.17,0.17,0.08,0.17,,,,,,,,,,,0.33,,,,,,,,,,,,,database (1).csv,,,,,,,,39.0,T
6-132426272829-091818181818-000297_1,Al<sub>9</sub>Co<sub>18</sub>Cr<sub>18</sub>Cu<sub>18</sub>Fe<sub>18</sub>Ni<sub>18</sub>,FCC1+FCC2,,,,,1284.0,,,10.1016/j.matchar.2018.06.036,,,,,,0.09090909090909091,,,,0.18181818181818182,0.18181818181818182,0.18181818181818182,0.18181818181818182,,,,,,,,,,,0.18181818181818182,,,,,,,,,,,,,database (1).csv,,,,,,,,7.6,T
6-132426272829-091818181818-000297_2,Al<sub>9</sub>Co<sub>18</sub>Cr<sub>18</sub>Cu<sub>18</sub>Fe<sub>18</sub>Ni<sub>18</sub>,FCC,,,,,1290.0,,,10.1016/j.matchar.2018.06.036,,,,,,0.09090909090909091,,,,0.18181818181818182,0.18181818181818182,0.18181818181818182,0.18181818181818182,,,,,,,,,,,0.18181818181818182,,,,,,,,,,,,,database (1).csv,,,,,,,,5.0,T
6-132426272829-091818181818-000297_3,Al<sub>9</sub>Co<sub>18</sub>Cr<sub>18</sub>Cu<sub>18</sub>Fe<sub>18</sub>Ni<sub>18</sub>,FCC1+FCC2,,,,,650.0,,,10.1016/j.matchar.2018.06.036,,,,,,0.09090909090909091,,,,0.18181818181818182,0.18181818181818182,0.18181818181818182,0.18181818181818182,,,,,,,,,,,0.18181818181818182,,,,,,,,,,,,,database (1).csv,,,,,,,,27.0,T
6-132426272829-161616161616-000297_1,AlCoCrCuFeNi,BCC+FCC1+FCC2,,,,,790.0,,,10.1016/j.matchar.2018.06.036,,,,,,0.16666666666666666,,,,0.16666666666666666,0.16666666666666666,0.16666666666666666,0.16666666666666666,,,,,,,,,,,0.16666666666666666,,,,,,,,,,,,,database (1).csv,,,,,,,,0.2,T
6-132426272829-161616161616-000297_2,AlCoCrCuFeNi,BCC+FCC1+FCC2+s,,,,,1040.0,,,10.1016/j.matchar.2018.06.036,,,,,,0.16666666666666666,,,,0.16666666666666666,0.16666666666666666,0.16666666666666666,0.16666666666666666,,,,,,,,,,,0.16666666666666666,,,,,,,,,,,,,database (1).csv,,,,,,,,1.0,T
6-132426272829-003181836183-000297_3,Al<sub>4</sub>Co<sub>19</sub>Cr<sub>19</sub>Cu<sub>4</sub>Fe<sub>19</sub>Ni<sub>37</sub>,FCC,,,,,719.0,,,10.1016/j.matchar.2018.06.036,,,,,,0.0392156862745098,,,,0.18627450980392157,0.18627450980392157,0.0392156862745098,0.18627450980392157,,,,,,,,,,,0.3627450980392157,,,,,,,,,,,,,database (1).csv,,,,,,,,30.0,T
6-132426272829-091818181818-000297_4,Al<sub>9</sub>Co<sub>18</sub>Cr<sub>18</sub>Cu<sub>18</sub>Fe<sub>18</sub>Ni<sub>18</sub>,FCC,,,,,1290.0,,,10.1016/j.matchar.2018.06.036,,,,,,0.09090909090909091,,,,0.18181818181818182,0.18181818181818182,0.18181818181818182,0.18181818181818182,,,,,,,,,,,0.18181818181818182,,,,,,,,,,,,,database (1).csv,,,,,,,,5.0,T
6-132426272829-161616161616-000297_3,AlCoCrCuFeNi,BCC+FCC1+FCC2,,,,,350.0,,,10.1016/j.matchar.2018.06.036,,,,,,0.16666666666666666,,,,0.16666666666666666,0.16666666666666666,0.16666666666666666,0.16666666666666666,,,,,,,,,,,0.16666666666666666,,,,,,,,,,,,,database (1).csv,,,,,,,,5.0,T
6-132426272829-161616161616-000297_4,AlCoCrCuFeNi,BCC+FCC1+FCC2+s,,,,,63.0,,,10.1016/j.matchar.2018.06.036,,,,,,0.16666666666666666,,,,0.16666666666666666,0.16666666666666666,0.16666666666666666,0.16666666666666666,,,,,,,,,,,0.16666666666666666,,,,,,,,,,,,,database (1).csv,,,,,,,,63.0,T
6-132426272829-091818181818-000297_5,Al<sub>9</sub>Co<sub>18</sub>Cr<sub>18</sub>Cu<sub>18</sub>Fe<sub>18</sub>Ni<sub>18</sub>,FCC,,,,,180.0,,,10.1016/j.matchar.2018.06.036,,,,,,0.09090909090909091,,,,0.18181818181818182,0.18181818181818182,0.18181818181818182,0.18181818181818182,,,,,,,,,,,0.18181818181818182,,,,,,,,,,,,,database (1).csv,,,,,,,,5.0,T
6-132426272829-091818181818-000297_6,Al<sub>9</sub>Co<sub>18</sub>Cr<sub>18</sub>Cu<sub>18</sub>Fe<sub>18</sub>Ni<sub>18</sub>,FCC1+FCC2,,,,,160.0,,,10.1016/j.matchar.2018.06.036,,,,,,0.09090909090909091,,,,0.18181818181818182,0.18181818181818182,0.18181818181818182,0.18181818181818182,,,,,,,,,,,0.18181818181818182,,,,,,,,,,,,,database (1).csv,,,,,,,,12.0,T
6-132426272829-091818181818-000297_7,Al<sub>9</sub>Co<sub>18</sub>Cr<sub>18</sub>Cu<sub>18</sub>Fe<sub>18</sub>Ni<sub>18</sub>,FCC,,,,,180.0,,,10.1016/j.matchar.2018.06.036,,,,,,0.09090909090909091,,,,0.18181818181818182,0.18181818181818182,0.18181818181818182,0.18181818181818182,,,,,,,,,,,0.18181818181818182,,,,,,,,,,,,,database (1).csv,,,,,,,,5.0,T
6-132426272829-161616161616-000299_1,AlCoCrCuFeNi,Unknown,,,,,1051.0,,,10.1016/j.mtla.2019.100259,,,,,,0.16666666666666666,,,,0.16666666666666666,0.16666666666666666,0.16666666666666666,0.16666666666666666,,,,,,,,,,,0.16666666666666666,,,,,,,,,,,,,database (1).csv,,,,,,,,22.5,C
7-13242627282942-01515151515157-000299_1,AlCoCrCuFeNiMo<sub>0.5</sub>,Unknown,,,,,2751.0,,,10.1016/j.mtla.2019.100259,,,,,,0.15384615384615385,,,,0.15384615384615385,0.15384615384615385,0.15384615384615385,0.15384615384615385,,,,,,,0.07692307692307693,,,,0.15384615384615385,,,,,,,,,,,,,database (1).csv,,,,,,,,2.5,C
6-132426272829-161616161616-000314_1,AlCoCrFeNiCu,BCC+B2,,,,,1170.0,,,10.1016/j.triboint.2018.10.012,,,,,,0.16666666666666666,,,,0.16666666666666666,0.16666666666666666,0.16666666666666666,0.16666666666666666,,,,,,,,,,,0.16666666666666666,,,,,,,,,,,,,database (1).csv,,,,,,,,,
6-222426272829-131717171717-000318_1,CoCrCuFeNiTi<sub>0.8</sub>,Unknown,,,,,1042.0,,,10.1016/j.jallcom.2019.07.100,,,,,,,,,,0.1724137931034483,0.1724137931034483,0.1724137931034483,0.1724137931034483,,,,,,,,,,,0.1724137931034483,,,,,,,0.13793103448275862,,,,,,database (1).csv,,,,,,,,2.11,C
6-222426272829-161616161616-000318_1,CoCrCuFeNiTi<sub>1.0</sub>,Unknown,,,,,1272.0,,,10.1016/j.jallcom.2019.07.100,,,,,,,,,,0.16666666666666666,0.16666666666666666,0.16666666666666666,0.16666666666666666,,,,,,,,,,,0.16666666666666666,,,,,,,0.16666666666666666,,,,,,database (1).csv,,,,,,,,,
5-1326272829-2020202020-000318_1,AlCoCuFeNi,Unknown,,,,,1060.0,,,10.1016/j.jallcom.2019.07.100,,,,,,0.2,,,,0.2,,0.2,0.2,,,,,,,,,,,0.2,,,,,,,,,,,,,database (1).csv,,,,,,,,19.1,C
6-132426272829-161616161616-000318_1,AlCoCuFeNiCr,Unknown,,,,,1285.0,,,10.1016/j.jallcom.2019.07.100,,,,,,0.16666666666666666,,,,0.16666666666666666,0.16666666666666666,0.16666666666666666,0.16666666666666666,,,,,,,,,,,0.16666666666666666,,,,,,,,,,,,,database (1).csv,,,,,,,,24.6,C
6-132226272829-161616161616-000318_1,AlCoCuFeNiTi,Unknown,,,,,1612.0,,,10.1016/j.jallcom.2019.07.100,,,,,,0.16666666666666666,,,,0.16666666666666666,,0.16666666666666666,0.16666666666666666,,,,,,,,,,,0.16666666666666666,,,,,,,0.16666666666666666,,,,,,database (1).csv,,,,,,,,12.8,C
7-13222426272829-14141414141414-000318_1,AlCoCuFeNiCrTi,Unknown,,,,,1523.0,,,10.1016/j.jallcom.2019.07.100,,,,,,0.14285714285714285,,,,0.14285714285714285,0.14285714285714285,0.14285714285714285,0.14285714285714285,,,,,,,,,,,0.14285714285714285,,,,,,,0.14285714285714285,,,,,,database (1).csv,,,,,,,,8.1,C
5-2426272829-2020202020-000375_1,CoCrCuFeNi,Unknown,,,,,230.0,,,10.1016/j.jallcom.2020.156466,,,,,,,,,,0.2,0.2,0.2,0.2,,,,,,,,,,,0.2,,,,,,,,,,,,,database (1).csv,,,,,,,,51.0,C
5-1322262729-2222152020-000375_1,Al<sub>22.5</sub>Cu<sub>20</sub>Fe<sub>15</sub>Ni<sub>20</sub>Ti<sub>22.5</sub>,Unknown,,,,,980.0,,,10.1016/j.jallcom.2020.156466,,,,,,0.225,,,,,,0.2,0.15,,,,,,,,,,,0.2,,,,,,,0.225,,,,,,database (1).csv,,,,,,,,6.6,C
5-1322262729-2020202020-000375_1,AlCuFeNiTi,Unknown,,,,,1074.0,,,10.1016/j.jallcom.2020.156466,,,,,,0.2,,,,,,0.2,0.2,,,,,,,,,,,0.2,,,,,,,0.2,,,,,,database (1).csv,,,,,,,,8.2,C
5-1322262729-2222152020-000375_2,Al<sub>22.5</sub>Cu<sub>20</sub>Fe<sub>15</sub>Ni<sub>20</sub>Ti<sub>22.5</sub>,Unknown,,,,,737.0,,,10.1016/j.jallcom.2020.156466,,,,,,0.225,,,,,,0.2,0.15,,,,,,,,,,,0.2,,,,,,,0.225,,,,,,database (1).csv,,,,,,,,8.8,C
5-1322262729-2020202020-000375_2,AlCuFeNiTi,Unknown,,,,,697.0,,,10.1016/j.jallcom.2020.156466,,,,,,0.2,,,,,,0.2,0.2,,,,,,,,,,,0.2,,,,,,,0.2,,,,,,database (1).csv,,,,,,,,4.3,C
6-132426272829-003181837183-000392_1,CrFeCoNi<sub>2</sub> Cu<sub>0.2</sub>Al<sub>0.2</sub>,Unknown,,,,,720.0,,,10.1016/j.pmatsci.2020.100754,,,,,,0.037037037037037035,,,,0.18518518518518517,0.18518518518518517,0.037037037037037035,0.18518518518518517,,,,,,,,,,,0.37037037037037035,,,,,,,,,,,,,database (1).csv,,,,,,,,31.0,T
6-132426272829-003181837183-000392_2,CrFeCoNi<sub>2</sub> Cu<sub>0.2</sub>Al<sub>0.2</sub>,Unknown,,,,,460.0,,,10.1016/j.pmatsci.2020.100754,,,,,,0.037037037037037035,,,,0.18518518518518517,0.18518518518518517,0.037037037037037035,0.18518518518518517,,,,,,,,,,,0.37037037037037035,,,,,,,,,,,,,database (1).csv,,,,,,,,32.0,T
6-132224252629-000063253333-000406_1,Al<sub>63</sub>Ti<sub>25</sub>Cr<sub>3</sub>Mn<sub>3</sub>Fe<sub>3</sub>Cu<sub>3</sub>,Multiphase,,,,,409.0,,,10.1016/j.scriptamat.2023.115928,,,,,,0.63,,,,,0.03,0.03,0.03,,,,,,0.03,,,,,,,,,,,,0.25,,,,,,database (1).csv,3.65,,,,,,,20.5,C
6-132224252629-000060205555-000406_1,Al<sub>60</sub>Ti<sub>20</sub>Cr<sub>5</sub>Mn<sub>5</sub>Fe<sub>5</sub>Cu<sub>5</sub>,Multiphase,,,,,519.0,,,10.1016/j.scriptamat.2023.115928,,,,,,0.6,,,,,0.05,0.05,0.05,,,,,,0.05,,,,,,,,,,,,0.2,,,,,,database (1).csv,3.88,,,,,,,18.0,C
6-132224252629-000552051055-000406_1,Al<sub>55</sub>Ti<sub>20</sub>Cr<sub>5</sub>Mn<sub>10</sub>Fe<sub>5</sub>Cu<sub>5</sub>,Multiphase,,,,,650.0,,,10.1016/j.scriptamat.2023.115928,,,,,,0.55,,,,,0.05,0.05,0.05,,,,,,0.1,,,,,,,,,,,,0.2,,,,,,database (1).csv,4.08,,,,,,,16.7,C
6-132224252629-005020101055-000406_1,Al<sub>50</sub>Ti<sub>20</sub>Cr<sub>10</sub>Mn<sub>10</sub>Fe<sub>5</sub>Cu<sub>5</sub>,Multiphase,,,,,716.0,,,10.1016/j.scriptamat.2023.115928,,,,,,0.5,,,,,0.1,0.05,0.05,,,,,,0.1,,,,,,,,,,,,0.2,,,,,,database (1).csv,4.27,,,,,,,12.4,C
5-2425262729-0242424241-000426_1,Cu<sub>0.07</sub>CrFeMnNi,FCC,,,,,109.28,,,10.1016/j.intermet.2023.108100,,,,,,,,,,,0.24570024570024568,0.0171990171990172,0.24570024570024568,,,,,,0.24570024570024568,,,,,0.24570024570024568,,,,,,,,,,,,,database (1).csv,,206.21,,,80.9,,,,
5-2425262729-0242424243-000426_1,Cu<sub>0.14</sub>CrFeMnNi,FCC,,,,,108.62,,,10.1016/j.intermet.2023.108100,,,,,,,,,,,0.24154589371980673,0.033816425120772944,0.24154589371980673,,,,,,0.24154589371980673,,,,,0.24154589371980673,,,,,,,,,,,,,database (1).csv,,207.74,,,81.56,,,,
6-132425262729-003232323231-000426_1,Al<sub>0.15</sub>Cu<sub>0.07</sub>CrFeMnNi,FCC,,,,,118.86,,,10.1016/j.intermet.2023.108100,,,,,,0.035545023696682464,,,,,0.23696682464454977,0.016587677725118485,0.23696682464454977,,,,,,0.23696682464454977,,,,,0.23696682464454977,,,,,,,,,,,,,database (1).csv,,205.3,,,80.34,,,,
6-132425262729-003232323233-000426_1,Al<sub>0.15</sub>Cu<sub>0.14</sub>CrFeMnNi,FCC,,,,,119.72,,,10.1016/j.intermet.2023.108100,,,,,,0.03496503496503496,,,,,0.2331002331002331,0.03263403263403264,0.2331002331002331,,,,,,0.2331002331002331,,,,,0.2331002331002331,,,,,,,,,,,,,database (1).csv,,205.42,,,80.42,,,,
6-132425262729-006222222221-000426_1,Al<sub>0.3</sub>Cu<sub>0.07</sub>CrFeMnNi,FCC,,,,,124.19,,,10.1016/j.intermet.2023.108100,,,,,,0.06864988558352403,,,,,0.22883295194508008,0.016018306636155607,0.22883295194508008,,,,,,0.22883295194508008,,,,,0.22883295194508008,,,,,,,,,,,,,database (1).csv,,202.93,,,79.15,,,,
6-132425262729-006222222223-000426_1,Al<sub>0.3</sub>Cu<sub>0.14</sub>CrFeMnNi,FCC,,,,,117.13,,,10.1016/j.intermet.2023.108100,,,,,,0.06756756756756757,,,,,0.22522522522522526,0.031531531531531536,0.22522522522522526,,,,,,0.22522522522522526,,,,,0.22522522522522526,,,,,,,,,,,,,database (1).csv,,203.96,,,79.82,,,,
