Hardness (HVN),Compressive strength (MPa),Plasticity (%) - Compressive,FCC,BCC,HCP,IM,Ag,Al,B,C,Ca,Co,Cr,Cu,Fe,Ga,Ge,Hf,Li,Mg,Mn,Mo,N,Nb,Nd,Ni,Pd,Re,Sc,Si,Sn,Ta,Ti,V,W,Y,Zn,Zr,Processing_Temperature_C,Processing_Temperature_K,Total_Composition,Num_Elements,Cu_Content,Fe_Content,Cu_Fe_Ratio,Num_Phases,Num_Crystal_Structures,Method_Other,Method_Unknown,Method_annealing,Method_arc_melting,Method_as_cast,Method_room_temperature,Method_sintering,Has_FCC_Phase,Has_BCC_Phase,Has_HCP_Phase,Has_IM_Phase,Source
1142.857,3620.0,3.04,0,1,0,0,0,0.2,0.0,0,0,0.0,0.0,0.2,0.2,0,0,0.0,0.0,0.0,0.0,0.0,0.0,0.0,0,0.2,0,0,0,0.0,0.0,0,0.2,0.0,0,0.0,0.0,0.0,499.85,773.0,1.0,5,0.2,0.2,1.0,1.0,1,False,False,False,False,False,False,True,0,1,0,0,https://doi.org/10.1007/s11106-016-9790-3
938.7755,3220.0,2.36,0,1,0,0,0,0.2,0.0,0,0,0.0,0.2,0.2,0.2,0,0,0.0,0.0,0.0,0.0,0.0,0.0,0.0,0,0.2,0,0,0,0.0,0.0,0,0.0,0.0,0,0.0,0.0,0.0,499.85,773.0,1.0,5,0.2,0.2,1.0,1.0,1,False,False,False,False,False,False,True,0,1,0,0,https://doi.org/10.1007/s11106-016-9790-3
410.0,3012.0,51.6,1,1,0,0,0,0.0,0.0,0,0,0.196,0.196,0.02,0.196,0,0,0.0,0.0,0.0,0.0,0.196,0.0,0.0,0,0.196,0,0,0,0.0,0.0,0,0.0,0.0,0,0.0,0.0,0.0,499.85,773.0,1.0,6,0.02,0.196,0.10204081632653061,2.0,2,False,False,False,True,False,False,False,1,1,0,0,https://doi.org/10.1016/j.vacuum.2020.109173
410.0,2820.0,1.4,1,1,0,1,0,0.152,0.0,0,0,0.152,0.152,0.152,0.152,0,0,0.0,0.0,0.0,0.0,0.091,0.0,0.0,0,0.152,0,0,0,0.0,0.0,0,0.0,0.0,0,0.0,0.0,0.0,499.85,773.0,1.003,7,0.152,0.152,1.0,3.0,3,False,False,False,True,False,False,False,1,1,0,0,https://doi.org/10.1016/j.vacuum.2020.109173
410.0,2660.0,1.5,1,1,0,1,0,0.156,0.0,0,0,0.156,0.156,0.156,0.156,0,0,0.0,0.0,0.0,0.0,0.062,0.0,0.0,0,0.156,0,0,0,0.0,0.0,0,0.0,0.0,0,0.0,0.0,0.0,499.85,773.0,0.9980000000000001,7,0.156,0.156,1.0,3.0,3,False,False,False,True,False,False,False,1,1,0,0,https://doi.org/10.1016/j.vacuum.2020.109173
410.0,2640.0,1.2,1,1,0,1,0,0.161,0.0,0,0,0.161,0.161,0.161,0.161,0,0,0.0,0.0,0.0,0.0,0.032,0.0,0.0,0,0.161,0,0,0,0.0,0.0,0,0.0,0.0,0,0.0,0.0,0.0,499.85,773.0,0.9980000000000001,7,0.161,0.161,1.0,3.0,3,False,False,False,True,False,False,False,1,1,0,0,https://doi.org/10.1016/j.vacuum.2020.109173
618.44,2630.0,15.83,1,0,0,0,0,0.167,0.0,0,0,0.0,0.0,0.167,0.167,0,0,0.0,0.0,0.0,0.167,0.0,0.0,0.0,0,0.0,0,0,0,0.0,0.0,0,0.167,0.167,0,0.0,0.0,0.0,1050.0,1323.15,1.002,6,0.167,0.167,1.0,1.0,1,False,False,False,False,False,False,True,1,0,0,0,https://doi.org/10.1016/j.jallcom.2021.163352
410.0,2600.0,1.1,1,1,0,1,0,0.147,0.0,0,0,0.147,0.147,0.147,0.147,0,0,0.0,0.0,0.0,0.0,0.118,0.0,0.0,0,0.147,0,0,0,0.0,0.0,0,0.0,0.0,0,0.0,0.0,0.0,499.85,773.0,1.0,7,0.147,0.147,1.0,3.0,3,False,False,False,True,False,False,False,1,1,0,0,https://doi.org/10.1016/j.vacuum.2020.109173
610.28,2465.0,12.33,1,0,0,0,0,0.167,0.0,0,0,0.0,0.0,0.167,0.167,0,0,0.0,0.0,0.0,0.167,0.0,0.0,0.0,0,0.0,0,0,0,0.0,0.0,0,0.167,0.167,0,0.0,0.0,0.0,1000.0,1273.15,1.002,6,0.167,0.167,1.0,1.0,1,False,False,False,False,False,False,True,1,0,0,0,https://doi.org/10.1016/j.jallcom.2021.163352
597.81,2420.0,13.42,1,0,0,0,0,0.167,0.0,0,0,0.0,0.0,0.167,0.167,0,0,0.0,0.0,0.0,0.167,0.0,0.0,0.0,0,0.0,0,0,0,0.0,0.0,0,0.167,0.167,0,0.0,0.0,0.0,950.0,1223.15,1.002,6,0.167,0.167,1.0,1.0,1,False,False,False,False,False,False,True,1,0,0,0,https://doi.org/10.1016/j.jallcom.2021.163352
410.0,2240.0,3.5,1,0,0,0,0,0.161,0.0,0,0,0.161,0.161,0.161,0.161,0,0,0.0,0.0,0.0,0.0,0.032,0.0,0.0,0,0.161,0,0,0,0.0,0.0,0,0.0,0.0,0,0.0,0.0,0.0,499.85,773.0,0.9980000000000001,7,0.161,0.161,1.0,1.0,1,False,False,False,True,False,False,False,1,0,0,0,https://doi.org/10.1016/j.vacuum.2020.109173
410.0,2091.0,2.26,0,1,0,1,0,0.0,0.0,0,0,0.167,0.0,0.167,0.0,0,0,0.167,0.0,0.0,0.0,0.0,0.0,0.0,0,0.167,0,0,0,0.0,0.0,0,0.167,0.0,0,0.0,0.0,0.167,499.85,773.0,1.002,6,0.167,0.0,1.6700000000000002,2.0,2,False,False,False,False,False,True,False,0,1,0,0,dx.doi.org/10.1007/s12540-016-6034-5
410.0,1970.0,18.0,1,1,0,0,0,0.0,0.0,0,0,0.172,0.172,0.138,0.172,0,0,0.0,0.0,0.0,0.0,0.172,0.0,0.0,0,0.172,0,0,0,0.0,0.0,0,0.0,0.0,0,0.0,0.0,0.0,499.85,773.0,0.9979999999999998,6,0.138,0.172,0.8023255813953489,3.0,2,False,False,False,True,False,False,False,1,1,0,0,https://doi.org/10.1016/j.vacuum.2020.109173
410.0,1924.0,0.39,0,0,0,1,0,0.0,0.0,0,0,0.0,0.0,0.2,0.0,0,0,0.2,0.0,0.0,0.0,0.0,0.0,0.0,0,0.2,0,0,0,0.0,0.0,0,0.2,0.0,0,0.0,0.0,0.2,499.85,773.0,1.0,5,0.2,0.0,2.0,1.0,1,False,False,False,False,False,True,False,0,0,0,0,dx.doi.org/10.1007/s12540-016-6034-5
410.0,1900.0,20.0,1,1,0,0,0,0.0,0.0,0,0,0.182,0.182,0.091,0.182,0,0,0.0,0.0,0.0,0.0,0.182,0.0,0.0,0,0.182,0,0,0,0.0,0.0,0,0.0,0.0,0,0.0,0.0,0.0,499.85,773.0,1.001,6,0.091,0.182,0.5,3.0,2,False,False,False,True,False,False,False,1,1,0,0,https://doi.org/10.1016/j.vacuum.2020.109173
410.0,1900.0,12.0,1,1,0,0,0,0.136,0.0,0,0,0.182,0.182,0.045,0.182,0,0,0.0,0.0,0.0,0.0,0.0,0.0,0.0,0,0.182,0,0,0,0.0,0.0,0,0.091,0.0,0,0.0,0.0,0.0,499.85,773.0,1.0,7,0.045,0.182,0.24725274725274726,2.0,2,False,True,False,False,False,False,False,1,1,0,0,https://doi.org/10.1016/j.dib.2018.11.111
410.0,1862.0,1.0,1,1,0,0,0,0.111,0.0,0,0,0.111,0.111,0.111,0.111,0,0,0.0,0.0,0.0,0.111,0.0,0.0,0.0,0,0.111,0,0,0,0.0,0.0,0,0.111,0.111,0,0.0,0.0,0.0,499.85,773.0,0.999,9,0.111,0.111,1.0,2.0,2,False,True,False,False,False,False,False,1,1,0,0,https://doi.org/10.1016/j.dib.2018.11.111
410.0,1800.0,9.0,1,1,0,0,0,0.0,0.0,0,0,0.189,0.189,0.057,0.189,0,0,0.0,0.0,0.0,0.0,0.189,0.0,0.0,0,0.189,0,0,0,0.0,0.0,0,0.0,0.0,0,0.0,0.0,0.0,499.85,773.0,1.002,6,0.057,0.189,0.30158730158730157,2.0,2,False,False,False,True,False,False,False,1,1,0,0,https://doi.org/10.1016/j.vacuum.2020.109173
454.0,1795.0,10.6,0,1,0,0,0,0.075,0.0,0,0,0.25,0.0,0.175,0.25,0,0,0.0,0.0,0.0,0.0,0.0,0.0,0.0,0,0.25,0,0,0,0.0,0.0,0,0.0,0.0,0,0.0,0.0,0.0,499.85,773.0,1.0,5,0.175,0.25,0.7,1.0,1,False,False,False,False,False,False,True,0,1,0,0,https://doi.org/10.1016/j.vacuum.2022.110930
420.0,1790.0,23.0,1,1,0,0,0,0.085,0.0,0,0,0.169,0.169,0.169,0.169,0,0,0.0,0.0,0.0,0.0,0.0,0.0,0.0,0,0.169,0,0,0,0.068,0.0,0,0.0,0.0,0,0.0,0.0,0.0,499.85,773.0,0.9980000000000002,7,0.169,0.169,1.0,2.0,2,False,True,False,False,False,False,False,1,1,0,0,http://dx.doi.org/10.1016/j.jallcom.2014.11.085
532.0,1751.0,11.3,0,1,1,0,0,0.2,0.0,0,0,0.0,0.0,0.2,0.0,0,0,0.2,0.0,0.0,0.0,0.0,0.0,0.0,0,0.0,0,0,0,0.0,0.0,0,0.0,0.0,0,0.2,0.0,0.2,499.85,773.0,1.0,5,0.2,0.0,2.0,3.0,2,False,True,False,False,False,False,False,0,1,1,0,dx.doi.org/10.1016/j.matdes.2016.06.100
410.0,1750.0,12.0,1,1,0,0,0,0.0,0.0,0,0,0.167,0.167,0.167,0.167,0,0,0.0,0.0,0.0,0.0,0.167,0.0,0.0,0,0.167,0,0,0,0.0,0.0,0,0.0,0.0,0,0.0,0.0,0.0,499.85,773.0,1.002,6,0.167,0.167,1.0,3.0,2,False,False,False,True,False,False,False,1,1,0,0,https://doi.org/10.1016/j.vacuum.2020.109173
410.0,1700.0,20.0,0,1,0,0,0,0.173,0.0,0,0,0.192,0.192,0.019,0.192,0,0,0.0,0.0,0.0,0.0,0.0,0.192,0.0,0,0.0,0,0,0,0.038,0.0,0,0.0,0.0,0,0.0,0.0,0.0,499.85,773.0,0.998,7,0.019,0.192,0.09895833333333333,1.0,1,False,True,False,False,False,False,False,0,1,0,0,dx.doi.org/10.1016/j.matdes.2015.11.013
365.0,1670.0,5.8,1,0,0,0,0,0.2,0.0,0,0,0.0,0.0,0.2,0.2,0,0,0.0,0.0,0.0,0.0,0.0,0.0,0.0,0,0.2,0,0,0,0.0,0.0,0,0.2,0.0,0,0.0,0.0,0.0,499.85,773.0,1.0,5,0.2,0.2,1.0,2.0,1,False,False,True,False,False,False,False,1,0,0,0,dx.doi.org/10.1016/j.apsusc.2015.07.207
410.0,1650.0,13.0,0,1,0,0,0,0.154,0.0,0,0,0.192,0.192,0.038,0.192,0,0,0.0,0.0,0.0,0.0,0.0,0.192,0.0,0,0.0,0,0,0,0.038,0.0,0,0.0,0.0,0,0.0,0.0,0.0,499.85,773.0,0.998,7,0.038,0.192,0.19791666666666666,1.0,1,False,True,False,False,False,False,False,0,1,0,0,dx.doi.org/10.1016/j.matdes.2015.11.013
410.0,1646.0,2.47,0,1,0,1,0,0.0,0.0,0,0,0.0,0.0,0.167,0.0,0,0,0.167,0.0,0.0,0.0,0.0,0.0,0.167,0,0.167,0,0,0,0.0,0.0,0,0.167,0.0,0,0.0,0.0,0.167,499.85,773.0,1.002,6,0.167,0.0,1.6700000000000002,2.0,2,False,False,False,False,False,True,False,0,1,0,0,dx.doi.org/10.1007/s12540-016-6034-5
560.0,1620.0,11.3,1,1,0,0,0,0.286,0.0,0,0,0.143,0.143,0.143,0.143,0,0,0.0,0.0,0.0,0.0,0.0,0.0,0.0,0,0.143,0,0,0,0.0,0.0,0,0.0,0.0,0,0.0,0.0,0.0,499.85,773.0,1.001,6,0.143,0.143,1.0,2.0,2,False,True,False,False,False,False,False,1,1,0,0,https://doi.org/10.1016/j.dib.2018.11.111
516.0,1617.0,8.2,1,0,0,0,0,0.2,0.0,0,0,0.0,0.0,0.2,0.2,0,0,0.0,0.0,0.0,0.0,0.0,0.0,0.0,0,0.2,0,0,0,0.0,0.0,0,0.2,0.0,0,0.0,0.0,0.0,24.850000000000023,298.0,1.0,5,0.2,0.2,1.0,2.0,1,False,False,True,False,False,False,False,1,0,0,0,dx.doi.org/10.1016/j.apsusc.2015.07.207
410.0,1600.0,8.0,0,1,0,0,0,0.115,0.0,0,0,0.192,0.192,0.077,0.192,0,0,0.0,0.0,0.0,0.0,0.0,0.192,0.0,0,0.0,0,0,0,0.038,0.0,0,0.0,0.0,0,0.0,0.0,0.0,499.85,773.0,0.998,7,0.077,0.192,0.40104166666666663,1.0,1,False,True,False,False,False,False,False,0,1,0,0,dx.doi.org/10.1016/j.matdes.2015.11.013
410.0,1580.0,17.0,1,1,0,0,0,0.091,0.0,0,0,0.182,0.182,0.091,0.182,0,0,0.0,0.0,0.0,0.0,0.0,0.0,0.0,0,0.182,0,0,0,0.0,0.0,0,0.091,0.0,0,0.0,0.0,0.0,499.85,773.0,1.001,7,0.091,0.182,0.5,2.0,2,False,True,False,False,False,False,False,1,1,0,0,https://doi.org/10.1016/j.dib.2018.11.111
544.0,1569.0,13.5,1,0,0,0,0,0.2,0.0,0,0,0.0,0.0,0.2,0.2,0,0,0.0,0.0,0.0,0.0,0.0,0.0,0.0,0,0.2,0,0,0,0.0,0.0,0,0.2,0.0,0,0.0,0.0,0.0,699.85,973.0,1.0,5,0.2,0.2,1.0,2.0,1,False,False,True,False,False,False,False,1,0,0,0,dx.doi.org/10.1016/j.apsusc.2015.07.215
575.0,1490.0,8.5,1,0,0,0,0,0.225,0.0,0,0,0.0,0.0,0.2,0.15,0,0,0.0,0.0,0.0,0.0,0.0,0.0,0.0,0,0.2,0,0,0,0.0,0.0,0,0.225,0.0,0,0.0,0.0,0.0,699.85,973.0,1.0000000000000002,5,0.2,0.15,1.3333333333333335,2.0,1,False,False,True,False,False,False,False,1,0,0,0,dx.doi.org/10.1016/j.apsusc.2015.07.207
410.0,1480.05,11.3,1,0,0,0,0,0.0,0.096,0,0,0.192,0.0,0.192,0.192,0,0,0.0,0.0,0.0,0.0,0.0,0.0,0.0,0,0.288,0,0,0,0.0,0.0,0,0.0,0.0,0,0.038,0.0,0.0,196.0,469.15,0.998,6,0.192,0.192,1.0,1.0,1,True,False,False,False,False,False,False,1,0,0,0,https://doi.org/10.1016/j.jallcom.2022.164310
410.0,1469.0,16.0,1,1,0,0,0,0.143,0.0,0,0,0.143,0.143,0.143,0.143,0,0,0.0,0.0,0.0,0.0,0.0,0.0,0.0,0,0.143,0,0,0,0.0,0.0,0,0.0,0.143,0,0.0,0.0,0.0,499.85,773.0,1.001,7,0.143,0.143,1.0,2.0,2,False,True,False,False,False,False,False,1,1,0,0,https://doi.org/10.1016/j.dib.2018.11.111
410.0,1465.0,2.0,0,1,0,0,0,0.2,0.0,0,0,0.1,0.1,0.1,0.1,0,0,0.0,0.0,0.0,0.1,0.0,0.0,0.0,0,0.1,0,0,0,0.0,0.0,0,0.1,0.1,0,0.0,0.0,0.0,499.85,773.0,0.9999999999999999,9,0.1,0.1,1.0,1.0,1,False,True,False,False,False,False,False,0,1,0,0,https://doi.org/10.1016/j.dib.2018.11.111
410.0,1461.0,1.0,0,1,0,1,0,0.4,0.0,0,0,0.075,0.075,0.075,0.075,0,0,0.0,0.0,0.0,0.075,0.0,0.0,0.0,0,0.075,0,0,0,0.0,0.0,0,0.075,0.075,0,0.0,0.0,0.0,499.85,773.0,0.9999999999999998,9,0.075,0.075,1.0,2.0,2,False,True,False,False,False,False,False,0,1,0,1,https://doi.org/10.1016/j.dib.2018.11.111
382.0,1460.0,50.0,1,0,0,1,0,0.0,0.0,0,0,0.2,0.0,0.2,0.2,0,0,0.0,0.0,0.0,0.0,0.2,0.0,0.0,0,0.2,0,0,0,0.0,0.0,0,0.0,0.0,0,0.0,0.0,0.0,499.85,773.0,1.0,5,0.2,0.2,1.0,3.0,2,False,False,False,True,False,False,False,1,0,0,0,https://doi.org/10.1016/j.vacuum.2020.109173
347.0,1436.0,43.0,1,0,0,1,0,0.0,0.0,0,0,0.208,0.0,0.208,0.208,0,0,0.0,0.0,0.0,0.0,0.167,0.0,0.0,0,0.208,0,0,0,0.0,0.0,0,0.0,0.0,0,0.0,0.0,0.0,499.85,773.0,0.999,5,0.208,0.208,1.0,3.0,2,False,False,False,True,False,False,False,1,0,0,0,https://doi.org/10.1016/j.vacuum.2020.109173
480.0,1432.0,11.3,0,1,1,0,0,0.2,0.0,0,0,0.0,0.0,0.2,0.0,0,0,0.0,0.0,0.0,0.0,0.0,0.0,0.0,0,0.0,0,0,0,0.0,0.0,0,0.2,0.0,0,0.2,0.0,0.2,499.85,773.0,1.0,5,0.2,0.0,2.0,2.0,2,False,True,False,False,False,False,False,0,1,1,0,dx.doi.org/10.1016/j.matdes.2016.06.100
277.0,1421.0,34.0,1,0,0,0,0,0.0,0.0,0,0,0.217,0.0,0.217,0.217,0,0,0.0,0.0,0.0,0.0,0.13,0.0,0.0,0,0.217,0,0,0,0.0,0.0,0,0.0,0.0,0,0.0,0.0,0.0,499.85,773.0,0.998,5,0.217,0.217,1.0,1.0,1,False,False,False,True,False,False,False,1,0,0,0,https://doi.org/10.1016/j.vacuum.2020.109173
312.0,1380.0,21.3,0,1,1,0,0,0.0,0.0,0,0,0.0,0.0,0.2,0.0,0,0,0.2,0.0,0.0,0.0,0.0,0.0,0.0,0,0.0,0,0,0,0.0,0.0,0,0.2,0.0,0,0.2,0.0,0.2,499.85,773.0,1.0,5,0.2,0.0,2.0,2.0,2,False,True,False,False,False,False,False,0,1,1,0,dx.doi.org/10.1016/j.matdes.2016.06.100
582.0,1355.0,9.0,0,0,0,0,0,0.182,0.0,0,0,0.182,0.182,0.091,0.182,0,0,0.0,0.0,0.0,0.0,0.0,0.0,0.0,0,0.182,0,0,0,0.0,0.0,0,0.0,0.0,0,0.0,0.0,0.0,499.85,773.0,1.001,6,0.091,0.182,0.5,1.0,0,False,True,False,False,False,False,False,0,0,0,0,http://dx.doi.org/10.1016/j.jallcom.2014.06.090
570.0,1345.0,9.0,1,1,0,0,0,0.167,0.0,0,0,0.185,0.185,0.093,0.185,0,0,0.0,0.0,0.0,0.0,0.0,0.0,0.0,0,0.185,0,0,0,0.0,0.0,0,0.0,0.0,0,0.0,0.0,0.0,499.85,773.0,1.0,6,0.093,0.185,0.5027027027027027,2.0,2,False,True,False,False,False,False,False,1,1,0,0,http://dx.doi.org/10.1016/j.jallcom.2014.06.090
370.0,1335.0,8.8,1,0,0,0,0,0.225,0.0,0,0,0.0,0.0,0.2,0.15,0,0,0.0,0.0,0.0,0.0,0.0,0.0,0.0,0,0.2,0,0,0,0.0,0.0,0,0.225,0.0,0,0.0,0.0,0.0,899.85,1173.0,1.0000000000000002,5,0.2,0.15,1.3333333333333335,2.0,1,False,False,True,False,False,False,False,1,0,0,0,dx.doi.org/10.1016/j.apsusc.2015.07.207
410.0,1331.92,11.3,1,0,0,0,0,0.0,0.096,0,0,0.192,0.0,0.192,0.192,0,0,0.0,0.0,0.0,0.0,0.0,0.0,0.0,0,0.288,0,0,0,0.0,0.0,0,0.0,0.0,0,0.038,0.0,0.0,196.0,469.15,0.998,6,0.192,0.192,1.0,1.0,1,True,False,False,False,False,False,False,1,0,0,0,https://doi.org/10.1016/j.jallcom.2022.164310
516.0,1326.0,6.6,1,0,0,0,0,0.225,0.0,0,0,0.0,0.0,0.2,0.15,0,0,0.0,0.0,0.0,0.0,0.0,0.0,0.0,0,0.2,0,0,0,0.0,0.0,0,0.225,0.0,0,0.0,0.0,0.0,24.850000000000023,298.0,1.0000000000000002,5,0.2,0.15,1.3333333333333335,2.0,1,False,False,True,False,False,False,False,1,0,0,0,dx.doi.org/10.1016/j.apsusc.2015.07.207
410.0,1312.0,1.0,1,1,0,1,0,0.0,0.0,0,0,0.125,0.125,0.125,0.125,0,0,0.0,0.0,0.0,0.125,0.0,0.0,0.0,0,0.125,0,0,0,0.0,0.0,0,0.125,0.125,0,0.0,0.0,0.0,499.85,773.0,1.0,8,0.125,0.125,1.0,3.0,3,False,True,False,False,False,False,False,1,1,0,1,https://doi.org/10.1016/j.dib.2018.11.111
410.0,1272.0,2.0,1,0,0,0,0,0.0,0.0,0,0,0.167,0.167,0.167,0.167,0,0,0.0,0.0,0.0,0.0,0.0,0.0,0.0,0,0.167,0,0,0,0.0,0.0,0,0.167,0.0,0,0.0,0.0,0.0,499.85,773.0,1.002,6,0.167,0.167,1.0,1.0,1,False,True,False,False,False,False,False,1,0,0,0,https://doi.org/10.1016/j.dib.2018.11.111
416.0,1263.0,1.2,1,0,0,0,0,0.25,0.0,0,0,0.0,0.0,0.25,0.0,0,0,0.0,0.0,0.0,0.0,0.0,0.0,0.0,0,0.25,0,0,0,0.0,0.0,0,0.25,0.0,0,0.0,0.0,0.0,899.85,1173.0,1.0,4,0.25,0.0,2.5,1.0,1,False,False,True,False,False,False,False,1,0,0,0,dx.doi.org/10.1016/j.apsusc.2015.07.207
263.0,1260.0,35.0,1,1,0,0,0,0.091,0.0,0,0,0.182,0.182,0.182,0.182,0,0,0.0,0.0,0.0,0.0,0.0,0.0,0.0,0,0.182,0,0,0,0.0,0.0,0,0.0,0.0,0,0.0,0.0,0.0,499.85,773.0,1.001,6,0.182,0.182,1.0,2.0,2,False,True,False,False,False,False,False,1,1,0,0,http://dx.doi.org/10.1016/j.jallcom.2014.11.085
449.0,1247.0,4.3,1,0,0,0,0,0.2,0.0,0,0,0.0,0.0,0.2,0.2,0,0,0.0,0.0,0.0,0.0,0.0,0.0,0.0,0,0.2,0,0,0,0.0,0.0,0,0.2,0.0,0,0.0,0.0,0.0,899.85,1173.0,1.0,5,0.2,0.2,1.0,2.0,1,False,False,True,False,False,False,False,1,0,0,0,dx.doi.org/10.1016/j.apsusc.2015.07.207
596.12,1238.0,7.38,1,0,0,0,0,0.167,0.0,0,0,0.0,0.0,0.167,0.167,0,0,0.0,0.0,0.0,0.167,0.0,0.0,0.0,0,0.0,0,0,0,0.0,0.0,0,0.167,0.167,0,0.0,0.0,0.0,1100.0,1373.15,1.002,6,0.167,0.167,1.0,1.0,1,False,False,False,False,False,False,True,1,0,0,0,https://doi.org/10.1016/j.jallcom.2021.163352
410.0,1234.0,9.0,1,1,0,0,0,0.143,0.0,0,0,0.143,0.143,0.143,0.143,0,0,0.0,0.0,0.0,0.0,0.0,0.0,0.0,0,0.143,0,0,0,0.0,0.0,0,0.143,0.0,0,0.0,0.0,0.0,499.85,773.0,1.001,7,0.143,0.143,1.0,2.0,2,False,True,False,False,False,False,False,1,1,0,0,https://doi.org/10.1016/j.dib.2018.11.111
410.0,1234.0,9.0,0,0,0,0,0,0.143,0.0,0,0,0.143,0.143,0.143,0.143,0,0,0.0,0.0,0.0,0.0,0.0,0.0,0.0,0,0.143,0,0,0,0.0,0.0,0,0.143,0.0,0,0.0,0.0,0.0,499.85,773.0,1.001,7,0.143,0.143,1.0,1.0,0,False,True,False,False,False,False,False,0,0,0,0,dx.doi.org/10.1016/j.matchar.2016.02.018
410.0,1217.74,11.3,1,0,0,0,0,0.0,0.096,0,0,0.192,0.0,0.192,0.192,0,0,0.0,0.0,0.0,0.0,0.0,0.0,0.0,0,0.288,0,0,0,0.0,0.0,0,0.0,0.0,0,0.038,0.0,0.0,196.0,469.15,0.998,6,0.192,0.192,1.0,1.0,1,True,False,False,False,False,False,False,1,0,0,0,https://doi.org/10.1016/j.jallcom.2022.164310
434.0,1210.0,1.8,1,0,0,0,0,0.225,0.0,0,0,0.0,0.0,0.2,0.15,0,0,0.0,0.0,0.0,0.0,0.0,0.0,0.0,0,0.2,0,0,0,0.0,0.0,0,0.225,0.0,0,0.0,0.0,0.0,499.85,773.0,1.0000000000000002,5,0.2,0.15,1.3333333333333335,2.0,1,False,False,True,False,False,False,False,1,0,0,0,dx.doi.org/10.1016/j.apsusc.2015.07.207
410.0,1198.22,11.3,1,0,0,0,0,0.0,0.096,0,0,0.192,0.0,0.192,0.192,0,0,0.0,0.0,0.0,0.0,0.0,0.0,0.0,0,0.288,0,0,0,0.0,0.0,0,0.0,0.0,0,0.038,0.0,0.0,196.0,469.15,0.998,6,0.192,0.192,1.0,1.0,1,True,False,False,False,False,False,False,1,0,0,0,https://doi.org/10.1016/j.jallcom.2022.164310
410.0,1164.26,11.3,1,0,0,0,0,0.0,0.096,0,0,0.192,0.0,0.192,0.192,0,0,0.0,0.0,0.0,0.0,0.0,0.0,0.0,0,0.288,0,0,0,0.0,0.0,0,0.0,0.0,0,0.038,0.0,0.0,196.0,469.15,0.998,6,0.192,0.192,1.0,1.0,1,True,False,False,False,False,False,False,1,0,0,0,https://doi.org/10.1016/j.jallcom.2022.164310
410.0,1150.0,27.0,1,1,0,0,0,0.151,0.0,0,0,0.189,0.189,0.094,0.189,0,0,0.0,0.0,0.0,0.0,0.0,0.0,0.0,0,0.189,0,0,0,0.0,0.0,0,0.0,0.0,0,0.0,0.0,0.0,499.85,773.0,1.001,6,0.094,0.189,0.4973544973544973,2.0,2,False,True,False,False,False,False,False,1,1,0,0,http://dx.doi.org/10.1016/j.jallcom.2014.06.090
374.0,1145.0,26.9,1,0,0,0,0,0.0,0.0,0,0,0.2,0.16,0.2,0.2,0,0,0.0,0.0,0.0,0.0,0.0,0.0,0.0,0,0.24,0,0,0,0.0,0.0,0,0.0,0.0,0,0.0,0.0,0.0,499.85,773.0,1.0,5,0.2,0.2,1.0,2.0,1,False,False,False,False,False,False,True,1,0,0,0,dx.doi.org/10.1016/j.jallcom.2015.11.205
203.0,1106.0,40.0,1,0,0,0,0,0.0,0.0,0,0,0.227,0.0,0.227,0.227,0,0,0.0,0.0,0.0,0.0,0.091,0.0,0.0,0,0.227,0,0,0,0.0,0.0,0,0.0,0.0,0,0.0,0.0,0.0,499.85,773.0,0.999,5,0.227,0.227,1.0,1.0,1,False,False,False,True,False,False,False,1,0,0,0,https://doi.org/10.1016/j.vacuum.2020.109173
410.0,1088.71,11.3,1,0,0,0,0,0.0,0.096,0,0,0.192,0.0,0.192,0.192,0,0,0.0,0.0,0.0,0.0,0.0,0.0,0.0,0,0.288,0,0,0,0.0,0.0,0,0.0,0.0,0,0.038,0.0,0.0,196.0,469.15,0.998,6,0.192,0.192,1.0,1.0,1,True,False,False,False,False,False,False,1,0,0,0,https://doi.org/10.1016/j.jallcom.2022.164310
410.0,1081.49,11.3,1,0,0,0,0,0.0,0.096,0,0,0.192,0.0,0.192,0.192,0,0,0.0,0.0,0.0,0.0,0.0,0.0,0.0,0,0.288,0,0,0,0.0,0.0,0,0.0,0.0,0,0.038,0.0,0.0,100.0,373.15,0.998,6,0.192,0.192,1.0,1.0,1,True,False,False,False,False,False,False,1,0,0,0,https://doi.org/10.1016/j.jallcom.2022.164310
516.0,1074.0,8.0,1,0,0,0,0,0.2,0.0,0,0,0.0,0.0,0.2,0.2,0,0,0.0,0.0,0.0,0.0,0.0,0.0,0.0,0,0.2,0,0,0,0.0,0.0,0,0.2,0.0,0,0.0,0.0,0.0,499.85,773.0,1.0,5,0.2,0.2,1.0,1.0,1,False,True,False,False,False,False,False,1,0,0,0,https://doi.org/10.1016/j.dib.2018.11.111
410.0,1053.1,11.3,1,0,0,0,0,0.0,0.096,0,0,0.192,0.0,0.192,0.192,0,0,0.0,0.0,0.0,0.0,0.0,0.0,0.0,0,0.288,0,0,0,0.0,0.0,0,0.0,0.0,0,0.038,0.0,0.0,50.0,323.15,0.998,6,0.192,0.192,1.0,1.0,1,True,False,False,False,False,False,False,1,0,0,0,https://doi.org/10.1016/j.jallcom.2022.164310
410.0,1042.0,3.0,1,0,0,1,0,0.0,0.0,0,0,0.172,0.172,0.172,0.172,0,0,0.0,0.0,0.0,0.0,0.0,0.0,0.0,0,0.172,0,0,0,0.0,0.0,0,0.138,0.0,0,0.0,0.0,0.0,499.85,773.0,0.9979999999999999,6,0.172,0.172,1.0,2.0,2,False,True,False,False,False,False,False,1,0,0,1,https://doi.org/10.1016/j.dib.2018.11.111
162.0,1041.0,54.0,1,0,0,0,0,0.0,0.0,0,0,0.238,0.0,0.238,0.238,0,0,0.0,0.0,0.0,0.0,0.048,0.0,0.0,0,0.238,0,0,0,0.0,0.0,0,0.0,0.0,0,0.0,0.0,0.0,499.85,773.0,1.0,5,0.238,0.238,1.0,1.0,1,False,False,False,True,False,False,False,1,0,0,0,https://doi.org/10.1016/j.vacuum.2020.109173
410.0,1023.57,11.3,1,0,0,0,0,0.0,0.096,0,0,0.192,0.0,0.192,0.192,0,0,0.0,0.0,0.0,0.0,0.0,0.0,0.0,0,0.288,0,0,0,0.0,0.0,0,0.0,0.0,0,0.038,0.0,0.0,499.85,773.0,0.998,6,0.192,0.192,1.0,1.0,1,True,False,False,False,False,False,False,1,0,0,0,https://doi.org/10.1016/j.jallcom.2022.164310
376.0,1009.0,29.5,1,0,0,0,0,0.0,0.0,0,0,0.2,0.1,0.2,0.2,0,0,0.0,0.0,0.0,0.0,0.0,0.0,0.0,0,0.3,0,0,0,0.0,0.0,0,0.0,0.0,0,0.0,0.0,0.0,499.85,773.0,1.0,5,0.2,0.2,1.0,2.0,1,False,False,False,False,False,False,True,1,0,0,0,dx.doi.org/10.1016/j.jallcom.2015.11.205
653.0,1006.0,3.7,1,1,0,0,0,0.079,0.0,0,0,0.159,0.159,0.159,0.159,0,0,0.0,0.0,0.0,0.0,0.0,0.0,0.0,0,0.159,0,0,0,0.127,0.0,0,0.0,0.0,0,0.0,0.0,0.0,499.85,773.0,1.0010000000000001,7,0.159,0.159,1.0,2.0,2,False,True,False,False,False,False,False,1,1,0,0,http://dx.doi.org/10.1016/j.jallcom.2014.11.085
410.0,1005.0,15.0,1,1,0,1,0,0.143,0.0,0,0,0.143,0.143,0.143,0.143,0,0,0.0,0.0,0.0,0.143,0.0,0.0,0.0,0,0.143,0,0,0,0.0,0.0,0,0.0,0.0,0,0.0,0.0,0.0,499.85,773.0,1.001,7,0.143,0.143,1.0,3.0,3,False,True,False,False,False,False,False,1,1,0,1,https://doi.org/10.1016/j.dib.2018.11.111
410.0,1005.0,15.0,0,0,0,0,0,0.143,0.0,0,0,0.143,0.143,0.143,0.143,0,0,0.0,0.0,0.0,0.143,0.0,0.0,0.0,0,0.143,0,0,0,0.0,0.0,0,0.0,0.0,0,0.0,0.0,0.0,499.85,773.0,1.001,7,0.143,0.143,1.0,1.0,0,False,True,False,False,False,False,False,0,0,0,0,dx.doi.org/10.1016/j.matchar.2016.02.018
516.0,980.0,7.0,1,0,0,0,0,0.225,0.0,0,0,0.0,0.0,0.2,0.15,0,0,0.0,0.0,0.0,0.0,0.0,0.0,0.0,0,0.2,0,0,0,0.0,0.0,0,0.225,0.0,0,0.0,0.0,0.0,499.85,773.0,1.0000000000000002,5,0.2,0.15,1.3333333333333335,1.0,1,False,True,False,False,False,False,False,1,0,0,0,https://doi.org/10.1016/j.dib.2018.11.111
516.0,980.0,7.0,1,0,0,0,0,0.225,0.0,0,0,0.0,0.0,0.2,0.15,0,0,0.0,0.0,0.0,0.0,0.0,0.0,0.0,0,0.2,0,0,0,0.0,0.0,0,0.225,0.0,0,0.0,0.0,0.0,499.85,773.0,1.0000000000000002,5,0.2,0.15,1.3333333333333335,1.0,1,False,True,False,False,False,False,False,1,0,0,0,https://doi.org/10.1016/j.dib.2018.11.111
406.0,950.0,11.3,1,1,0,0,0,0.167,0.0,0,0,0.167,0.167,0.167,0.167,0,0,0.0,0.0,0.0,0.0,0.0,0.0,0.0,0,0.167,0,0,0,0.0,0.0,0,0.0,0.0,0,0.0,0.0,0.0,499.85,773.0,1.002,6,0.167,0.167,1.0,2.0,2,False,True,False,False,False,False,False,1,1,0,0,https://doi.org/10.1016/j.dib.2018.11.111
518.0,870.0,0.96,1,0,0,0,0,0.25,0.0,0,0,0.0,0.0,0.25,0.0,0,0,0.0,0.0,0.0,0.0,0.0,0.0,0.0,0,0.25,0,0,0,0.0,0.0,0,0.25,0.0,0,0.0,0.0,0.0,699.85,973.0,1.0,4,0.25,0.0,2.5,1.0,1,False,False,True,False,False,False,False,1,0,0,0,dx.doi.org/10.1016/j.apsusc.2015.07.207
321.0,869.0,32.2,1,0,0,0,0,0.0,0.0,0,0,0.2,0.2,0.2,0.2,0,0,0.0,0.0,0.0,0.0,0.0,0.0,0.0,0,0.2,0,0,0,0.0,0.0,0,0.0,0.0,0,0.0,0.0,0.0,499.85,773.0,1.0,5,0.2,0.2,1.0,2.0,1,False,False,False,False,False,False,True,1,0,0,0,dx.doi.org/10.1016/j.jallcom.2015.11.205
350.0,820.0,28.0,1,1,0,0,0,0.143,0.0,0,0,0.19,0.19,0.095,0.19,0,0,0.0,0.0,0.0,0.0,0.0,0.0,0.0,0,0.19,0,0,0,0.0,0.0,0,0.0,0.0,0,0.0,0.0,0.0,499.85,773.0,0.9979999999999998,6,0.095,0.19,0.5,2.0,2,False,True,False,False,False,False,False,1,1,0,0,http://dx.doi.org/10.1016/j.jallcom.2014.06.090
410.0,765.0,6.3,1,0,0,1,0,0.35,0.0,0,0,0.0,0.0,0.05,0.0,0,0,0.0,0.0,0.15,0.0,0.0,0.0,0.0,0,0.0,0,0,0,0.15,0.0,0,0.0,0.0,0,0.0,0.3,0.0,499.85,773.0,1.0,5,0.05,0.0,0.5,2.0,2,False,False,False,False,True,False,False,1,0,0,0,https://doi.org/10.1016/j.jallcom.2021.163508
410.0,750.0,39.0,1,0,0,0,0,0.045,0.0,0,0,0.182,0.182,0.136,0.182,0,0,0.0,0.0,0.0,0.0,0.0,0.0,0.0,0,0.182,0,0,0,0.0,0.0,0,0.091,0.0,0,0.0,0.0,0.0,499.85,773.0,0.9999999999999998,7,0.136,0.182,0.7472527472527474,1.0,1,False,True,False,False,False,False,False,1,0,0,0,https://doi.org/10.1016/j.dib.2018.11.111
322.0,747.0,32.4,1,0,0,0,0,0.0,0.0,0,0,0.2,0.04,0.2,0.2,0,0,0.0,0.0,0.0,0.0,0.0,0.0,0.0,0,0.36,0,0,0,0.0,0.0,0,0.0,0.0,0,0.0,0.0,0.0,499.85,773.0,1.0,5,0.2,0.2,1.0,2.0,1,False,False,False,False,False,False,True,1,0,0,0,dx.doi.org/10.1016/j.jallcom.2015.11.205
410.0,718.0,6.2,1,0,0,1,0,0.35,0.0,0,0,0.0,0.0,0.05,0.0,0,0,0.0,0.0,0.2,0.0,0.0,0.0,0.0,0,0.0,0,0,0,0.1,0.0,0,0.0,0.0,0,0.0,0.3,0.0,499.85,773.0,1.0,5,0.05,0.0,0.5,2.0,2,False,False,False,False,True,False,False,1,0,0,0,https://doi.org/10.1016/j.jallcom.2021.163508
410.0,700.0,29.0,1,0,0,0,0,0.0,0.0,0,0,0.182,0.182,0.182,0.182,0,0,0.0,0.0,0.0,0.0,0.0,0.0,0.0,0,0.182,0,0,0,0.0,0.0,0,0.091,0.0,0,0.0,0.0,0.0,499.85,773.0,1.001,6,0.182,0.182,1.0,1.0,1,False,True,False,False,False,False,False,1,0,0,0,https://doi.org/10.1016/j.dib.2018.11.111
410.0,700.0,21.0,0,0,0,0,0,0.0,0.0,0,0,0.182,0.182,0.182,0.182,0,0,0.0,0.0,0.0,0.0,0.0,0.0,0.0,0,0.182,0,0,0,0.0,0.0,0,0.091,0.0,0,0.0,0.0,0.0,499.85,773.0,1.001,6,0.182,0.182,1.0,1.0,0,False,True,False,False,False,False,False,0,0,0,0,dx.doi.org/10.1016/j.matchar.2016.02.018
410.0,650.0,44.0,1,1,0,0,0,0.096,0.0,0,0,0.192,0.192,0.096,0.192,0,0,0.0,0.0,0.0,0.0,0.0,0.192,0.0,0,0.0,0,0,0,0.038,0.0,0,0.0,0.0,0,0.0,0.0,0.0,499.85,773.0,0.998,7,0.096,0.192,0.5,2.0,2,False,True,False,False,False,False,False,1,1,0,0,dx.doi.org/10.1016/j.matdes.2015.11.013
320.0,630.0,42.7,1,1,0,0,0,0.135,0.0,0,0,0.192,0.192,0.096,0.192,0,0,0.0,0.0,0.0,0.0,0.0,0.0,0.0,0,0.192,0,0,0,0.0,0.0,0,0.0,0.0,0,0.0,0.0,0.0,499.85,773.0,0.9989999999999999,6,0.096,0.192,0.5,2.0,2,False,True,False,False,False,False,False,1,1,0,0,http://dx.doi.org/10.1016/j.jallcom.2014.06.090
318.0,630.0,20.0,1,0,0,1,0,0.0,0.0,0,0,0.0,0.0,0.3,0.0,0,0,0.0,0.0,0.0,0.3,0.0,0.0,0.0,0,0.3,0,0,0,0.0,0.1,0,0.0,0.0,0,0.0,0.0,0.0,499.85,773.0,0.9999999999999999,4,0.3,0.0,3.0,2.0,2,False,True,False,False,False,False,False,1,0,0,1,https://doi.org/10.1016/j.dib.2018.11.111
410.0,559.0,4.6,1,0,0,1,0,0.35,0.0,0,0,0.0,0.0,0.05,0.0,0,0,0.0,0.0,0.25,0.0,0.0,0.0,0.0,0,0.0,0,0,0,0.05,0.0,0,0.0,0.0,0,0.0,0.3,0.0,499.85,773.0,1.0,5,0.05,0.0,0.5,2.0,2,False,False,False,False,True,False,False,1,0,0,0,https://doi.org/10.1016/j.jallcom.2021.163508
410.0,550.0,50.0,1,0,0,0,0,0.077,0.0,0,0,0.192,0.192,0.115,0.192,0,0,0.0,0.0,0.0,0.0,0.0,0.192,0.0,0,0.0,0,0,0,0.038,0.0,0,0.0,0.0,0,0.0,0.0,0.0,499.85,773.0,0.998,7,0.115,0.192,0.5989583333333334,1.0,1,False,True,False,False,False,False,False,1,0,0,0,dx.doi.org/10.1016/j.matdes.2015.11.013
537.0,536.0,0.85,1,0,0,0,0,0.25,0.0,0,0,0.0,0.0,0.25,0.0,0,0,0.0,0.0,0.0,0.0,0.0,0.0,0.0,0,0.25,0,0,0,0.0,0.0,0,0.25,0.0,0,0.0,0.0,0.0,24.850000000000023,298.0,1.0,4,0.25,0.0,2.5,1.0,1,False,False,True,False,False,False,False,1,0,0,0,dx.doi.org/10.1016/j.apsusc.2015.07.207
241.0,515.0,40.0,1,0,0,1,0,0.1,0.0,0,0,0.0,0.0,0.3,0.0,0,0,0.0,0.0,0.0,0.3,0.0,0.0,0.0,0,0.3,0,0,0,0.0,0.0,0,0.0,0.0,0,0.0,0.0,0.0,499.85,773.0,1.0,4,0.3,0.0,3.0,2.0,2,False,True,False,False,False,False,False,1,0,0,1,https://doi.org/10.1016/j.dib.2018.11.111
410.0,500.0,50.0,1,0,0,0,0,0.038,0.0,0,0,0.192,0.192,0.154,0.192,0,0,0.0,0.0,0.0,0.0,0.0,0.0,0.0,0,0.192,0,0,0,0.038,0.0,0,0.0,0.0,0,0.0,0.0,0.0,499.85,773.0,0.998,7,0.154,0.192,0.8020833333333333,1.0,1,False,True,False,False,False,False,False,1,0,0,0,dx.doi.org/10.1016/j.matdes.2015.11.013
521.0,498.0,0.67,1,0,0,0,0,0.25,0.0,0,0,0.0,0.0,0.25,0.0,0,0,0.0,0.0,0.0,0.0,0.0,0.0,0.0,0,0.25,0,0,0,0.0,0.0,0,0.25,0.0,0,0.0,0.0,0.0,499.85,773.0,1.0,4,0.25,0.0,2.5,1.0,1,False,False,True,False,False,False,False,1,0,0,0,dx.doi.org/10.1016/j.apsusc.2015.07.207
410.0,488.0,17.0,1,0,0,1,0,0.8,0.0,0,0,0.0,0.0,0.05,0.0,0,0,0.0,0.05,0.05,0.0,0.0,0.0,0.0,0,0.0,0,0,0,0.0,0.0,0,0.0,0.0,0,0.0,0.05,0.0,499.85,773.0,1.0000000000000002,5,0.05,0.0,0.5,2.0,2,False,True,False,False,False,False,False,1,0,0,1,https://doi.org/10.1016/j.dib.2018.11.111
210.0,388.0,11.3,1,0,0,0,0,0.091,0.0,0,0,0.182,0.182,0.182,0.182,0,0,0.0,0.0,0.0,0.0,0.0,0.0,0.0,0,0.182,0,0,0,0.0,0.0,0,0.0,0.0,0,0.0,0.0,0.0,499.85,773.0,1.001,6,0.182,0.182,1.0,1.0,1,False,True,False,False,False,False,False,1,0,0,0,https://doi.org/10.1016/j.dib.2018.11.111
205.0,380.0,63.0,1,0,0,1,0,0.0,0.0,0,0,0.0,0.0,0.317,0.0,0,0,0.0,0.0,0.0,0.317,0.0,0.0,0.0,0,0.317,0,0,0,0.0,0.05,0,0.0,0.0,0,0.0,0.0,0.0,499.85,773.0,1.0010000000000001,4,0.317,0.0,3.17,2.0,2,False,True,False,False,False,False,False,1,0,0,1,https://doi.org/10.1016/j.dib.2018.11.111
275.0,350.0,11.3,1,0,0,0,0,0.091,0.0,0,0,0.182,0.182,0.182,0.182,0,0,0.0,0.0,0.0,0.0,0.0,0.0,0.0,0,0.182,0,0,0,0.0,0.0,0,0.0,0.0,0,0.0,0.0,0.0,499.85,773.0,1.001,6,0.182,0.182,1.0,1.0,1,False,True,False,False,False,False,False,1,0,0,0,http://dx.doi.org/10.1016/j.jallcom.2014.06.090
245.0,340.0,11.3,0,0,0,0,0,0.1,0.0,0,0,0.2,0.2,0.1,0.2,0,0,0.0,0.0,0.0,0.0,0.0,0.0,0.0,0,0.2,0,0,0,0.0,0.0,0,0.0,0.0,0,0.0,0.0,0.0,499.85,773.0,1.0,6,0.1,0.2,0.5,1.0,0,False,True,False,False,False,False,False,0,0,0,0,http://dx.doi.org/10.1016/j.jallcom.2014.06.090
166.0,330.0,45.0,1,0,0,0,0,0.05,0.0,0,0,0.0,0.0,0.317,0.0,0,0,0.0,0.0,0.0,0.317,0.0,0.0,0.0,0,0.317,0,0,0,0.0,0.0,0,0.0,0.0,0,0.0,0.0,0.0,499.85,773.0,1.001,4,0.317,0.0,3.17,1.0,1,False,True,False,False,False,False,False,1,0,0,0,https://doi.org/10.1016/j.dib.2018.11.111
245.0,325.0,11.3,1,0,0,0,0,0.1,0.0,0,0,0.2,0.2,0.1,0.2,0,0,0.0,0.0,0.0,0.0,0.0,0.0,0.0,0,0.2,0,0,0,0.0,0.0,0,0.0,0.0,0,0.0,0.0,0.0,499.85,773.0,1.0,6,0.1,0.2,0.5,1.0,1,False,True,False,False,False,False,False,1,0,0,0,http://dx.doi.org/10.1016/j.jallcom.2014.06.090
245.0,320.0,11.3,1,0,0,0,0,0.095,0.0,0,0,0.19,0.19,0.143,0.19,0,0,0.0,0.0,0.0,0.0,0.0,0.0,0.0,0,0.19,0,0,0,0.0,0.0,0,0.0,0.0,0,0.0,0.0,0.0,499.85,773.0,0.998,6,0.143,0.19,0.7526315789473683,1.0,1,False,True,False,False,False,False,False,1,0,0,0,http://dx.doi.org/10.1016/j.jallcom.2014.06.090
537.0,300.0,1.0,1,0,0,0,0,0.25,0.0,0,0,0.0,0.0,0.25,0.0,0,0,0.0,0.0,0.0,0.0,0.0,0.0,0.0,0,0.25,0,0,0,0.0,0.0,0,0.25,0.0,0,0.0,0.0,0.0,499.85,773.0,1.0,4,0.25,0.0,2.5,1.0,1,False,True,False,False,False,False,False,1,0,0,0,https://doi.org/10.1016/j.dib.2018.11.111
132.0,230.0,11.3,1,0,0,0,0,0.0,0.0,0,0,0.2,0.2,0.2,0.2,0,0,0.0,0.0,0.0,0.0,0.0,0.0,0.0,0,0.2,0,0,0,0.0,0.0,0,0.0,0.0,0,0.0,0.0,0.0,499.85,773.0,1.0,5,0.2,0.2,1.0,1.0,1,False,True,False,False,False,False,False,1,0,0,0,https://doi.org/10.1016/j.dib.2018.11.111
147.0,215.0,60.0,1,0,0,0,0,0.0,0.0,0,0,0.0,0.0,0.25,0.0,0,0,0.0,0.0,0.0,0.25,0.0,0.0,0.0,0,0.25,0,0,0,0.0,0.0,0,0.0,0.0,0,0.0,0.25,0.0,499.85,773.0,1.0,4,0.25,0.0,2.5,1.0,1,False,True,False,False,False,False,False,1,0,0,0,https://doi.org/10.1016/j.dib.2018.11.111
109.0,140.0,65.0,1,0,0,0,0,0.0,0.0,0,0,0.0,0.0,0.267,0.0,0,0,0.0,0.0,0.0,0.267,0.0,0.0,0.0,0,0.267,0,0,0,0.0,0.0,0,0.0,0.0,0,0.0,0.2,0.0,499.85,773.0,1.0010000000000001,4,0.267,0.0,2.67,1.0,1,False,True,False,False,False,False,False,1,0,0,0,https://doi.org/10.1016/j.dib.2018.11.111
